BEGIN 2026-10-07T15:06:16Z tag=v0.7.31 boot_id=dfab0139-e430-4b09-958e-d567aaeac0fb uname=7.1.12-2-12.2-sep-ARCH host_marker=unset
== reconfigure omarchy+tests (CPU-only, no GPU) ==
-- The C compiler identification is GNU 16.1.1
-- The CXX compiler identification is GNU 16.1.1
-- Detecting C compiler ABI info
-- Detecting C compiler ABI info - done
-- Check for working C compiler: /usr/bin/cc - skipped
-- Detecting C compile features
-- Detecting C compile features - done
-- Detecting CXX compiler ABI info
-- Detecting CXX compiler ABI info - done
-- Check for working CXX compiler: /usr/bin/c++ - skipped
-- Detecting CXX compile features
-- Detecting CXX compile features - done
-- Building MLX for aarch64 processor on Linux
-- Found CCache: /usr/bin/ccache
-- Found Vulkan: /usr/lib/libvulkan.so (found version "1.4.357") found components: glslc glslangValidator
-- Vulkan found: include /usr/include, libs /usr/lib/libvulkan.so
-- Accelerate not found, using default backend.
-- Looking for sgemm_
-- Looking for sgemm_ - not found
-- Performing Test CMAKE_HAVE_LIBC_PTHREAD
-- Performing Test CMAKE_HAVE_LIBC_PTHREAD - Success
-- Found Threads: TRUE
-- Looking for sgemm_
-- Looking for sgemm_ - found
-- Found BLAS: /usr/lib/libopenblas.so
-- Looking for cheev_
-- Looking for cheev_ - found
-- Found LAPACK: /usr/lib/libopenblas.so;-lm;-ldl
-- Lapack lib /usr/lib/libopenblas.so-lm-ldl
-- Lapack include /usr/include
-- Blas lib /usr/lib/libopenblas.so
-- Blas include /usr/include
-- Downloading json
-- Using the multi-header code from ~/v0.7.31-src/.work/mlx/_deps/json-src/include/
-- Downloading gguflib
-- omarchy: bf16 direct GEMM shaders enabled (GL_EXT_bfloat16)
-- {fmt} version: 12.1.0
-- Build type: 
CMake Warning (deprecated) at _deps/doctest-src/CMakeLists.txt:1 (cmake_minimum_required):
  Compatibility with CMake < 3.10 will be removed from a future version of
  CMake.

  Update the VERSION argument <min> value.  Or, use the <min>...<max> syntax
  to tell CMake that the project requires at least <min> but has been updated
  to work with policies introduced by <max> or earlier.
This warning is for project developers.  Use -Wno-author or -Wno-deprecated
to suppress it.

-- Configuring done (7.2s)
-- Generating done (0.2s)
-- Build files have been written to: ~/v0.7.31-src/.work/mlx
CMAKE_CONFIGURE_EXIT 0
== build target ==
[  0%] Building C object mlx/io/CMakeFiles/gguflib.dir/__/__/_deps/gguflib-src/fp16.c.o
[  0%] Building C object mlx/io/CMakeFiles/gguflib.dir/__/__/_deps/gguflib-src/gguflib.c.o
[  0%] Linking C static library libgguflib.a
[  0%] Built target gguflib
[  0%] Generating shaders/elementwise_f32.spv
[  0%] Generating shaders/elementwise_f32.h
[  0%] Generating shaders/elementwise_f16.spv
[  0%] Generating shaders/elementwise_f16.h
[  0%] Generating shaders/elementwise_bf16.spv
[  0%] Generating shaders/elementwise_bf16.h
[  0%] Generating shaders/elementwise_lite_f32.spv
[  0%] Generating shaders/elementwise_lite_f32.h
[  0%] Generating shaders/elementwise_lite_f16.spv
[  0%] Generating shaders/elementwise_lite_f16.h
[  0%] Generating shaders/elementwise_lite_bf16.spv
[  0%] Generating shaders/elementwise_lite_bf16.h
[  0%] Generating shaders/cast_bool_f32.spv
[  0%] Generating shaders/cast_bool_f32.h
[  0%] Generating shaders/cast_bool_i32.spv
[  0%] Generating shaders/cast_bool_i32.h
[  0%] Generating shaders/cast_bool_f16.spv
[  0%] Generating shaders/cast_bool_f16.h
[  1%] Generating shaders/cast_bool_bf16.spv
[  1%] Generating shaders/cast_bool_bf16.h
[  1%] Generating shaders/cast_f16_f32.spv
[  1%] Generating shaders/cast_f16_f32.h
[  1%] Generating shaders/cast_f32_f16.spv
[  2%] Generating shaders/cast_f32_f16.h
[  2%] Generating shaders/cast_bf16_f32.spv
[  2%] Generating shaders/cast_bf16_f32.h
[  2%] Generating shaders/cast_f32_bf16.spv
[  2%] Generating shaders/cast_f32_bf16.h
[  2%] Generating shaders/cast_bf16_f16.spv
[  2%] Generating shaders/cast_bf16_f16.h
[  2%] Generating shaders/cast_f16_bf16.spv
[  2%] Generating shaders/cast_f16_bf16.h
[  2%] Generating shaders/cast_i32_f32.spv
[  2%] Generating shaders/cast_i32_f32.h
[  2%] Generating shaders/cast_f32_i32.spv
[  2%] Generating shaders/cast_f32_i32.h
[  2%] Generating shaders/cast_i32_f16.spv
[  2%] Generating shaders/cast_i32_f16.h
[  2%] Generating shaders/cast_f16_i32.spv
[  2%] Generating shaders/cast_f16_i32.h
[  3%] Generating shaders/cast_i32_bf16.spv
[  3%] Generating shaders/cast_i32_bf16.h
[  3%] Generating shaders/cast_bf16_i32.spv
[  4%] Generating shaders/cast_bf16_i32.h
[  4%] Generating shaders/cast_u32_f32.spv
[  4%] Generating shaders/cast_u32_f32.h
[  4%] Generating shaders/reduce_f32.spv
[  4%] Generating shaders/reduce_f32.h
[  4%] Generating shaders/reduce_f16.spv
[  4%] Generating shaders/reduce_f16.h
[  4%] Generating shaders/reduce_bf16.spv
[  4%] Generating shaders/reduce_bf16.h
[  4%] Generating shaders/matmul_f32.spv
[  4%] Generating shaders/matmul_f32.h
[  4%] Generating shaders/matmul_f32_coopmat.spv
[  4%] Generating shaders/matmul_f32_coopmat.h
[  4%] Generating shaders/matmul_f32_coopmat_bf16.spv
[  4%] Generating shaders/matmul_f32_coopmat_bf16.h
[  5%] Generating shaders/matmul_f32_coopmat_qk.spv
[  5%] Generating shaders/matmul_f32_coopmat_qk.h
[  5%] Generating shaders/matmul_f32_coopmat_pv.spv
[  6%] Generating shaders/matmul_f32_coopmat_pv.h
[  6%] Generating shaders/matmul_f16.spv
[  6%] Generating shaders/matmul_f16.h
[  6%] Generating shaders/matmul_bf16.spv
[  6%] Generating shaders/matmul_bf16.h
[  6%] Generating shaders/matmul_complex64.spv
[  6%] Generating shaders/matmul_complex64.h
[  6%] Generating shaders/matmul_vec_f32.spv
[  6%] Generating shaders/matmul_vec_f32.h
[  6%] Generating shaders/matmul_vec_f16.spv
[  6%] Generating shaders/matmul_vec_f16.h
[  6%] Generating shaders/matmul_vec_bf16.spv
[  6%] Generating shaders/matmul_vec_bf16.h
[  6%] Generating shaders/matmul_vec_multi_bf16.spv
[  6%] Generating shaders/matmul_vec_multi_bf16.h
[  6%] Generating shaders/fill_f32.spv
[  6%] Generating shaders/fill_f32.h
[  6%] Generating shaders/fill_f16.spv
[  6%] Generating shaders/fill_f16.h
[  6%] Generating shaders/fill_bf16.spv
[  6%] Generating shaders/fill_bf16.h
[  6%] Generating shaders/softmax_f32.spv
[  6%] Generating shaders/softmax_f32.h
[  6%] Generating shaders/softmax_f16.spv
[  6%] Generating shaders/softmax_f16.h
[  6%] Generating shaders/softmax_bf16.spv
[  6%] Generating shaders/softmax_bf16.h
[  6%] Generating shaders/logsumexp_f32.spv
[  6%] Generating shaders/logsumexp_f32.h
[  6%] Generating shaders/logsumexp_f16.spv
[  6%] Generating shaders/logsumexp_f16.h
[  6%] Generating shaders/logsumexp_bf16.spv
[  6%] Generating shaders/logsumexp_bf16.h
[  6%] Generating shaders/select_f32.spv
[  6%] Generating shaders/select_f32.h
[  6%] Generating shaders/select_f16.spv
[  6%] Generating shaders/select_f16.h
[  6%] Generating shaders/select_bf16.spv
[  6%] Generating shaders/select_bf16.h
[  6%] Generating shaders/select_i32.spv
[  6%] Generating shaders/select_i32.h
[  6%] Generating shaders/select_bool.spv
[  6%] Generating shaders/select_bool.h
[  6%] Generating shaders/select_complex64.spv
[  6%] Generating shaders/select_complex64.h
[  6%] Generating shaders/compare_f32.spv
[  6%] Generating shaders/compare_f32.h
[  7%] Generating shaders/compare_f16.spv
[ -3%] Generating shaders/compare_f16.h
[  7%] Generating shaders/compare_bf16.spv
[  7%] Generating shaders/compare_bf16.h
[  7%] Generating shaders/compare_i32.spv
[  7%] Generating shaders/compare_i32.h
[  7%] Generating shaders/compare_u32.spv
[  7%] Generating shaders/compare_u32.h
[  7%] Generating shaders/compare_i64.spv
[  7%] Generating shaders/compare_i64.h
[  7%] Generating shaders/compare_i8.spv
[  7%] Generating shaders/compare_i8.h
[  7%] Generating shaders/compare_u8.spv
[  7%] Generating shaders/compare_u8.h
[  7%] Generating shaders/compare_i16.spv
[  7%] Generating shaders/compare_i16.h
[  7%] Generating shaders/compare_u16.spv
[  7%] Generating shaders/compare_u16.h
[  7%] Generating shaders/compare_u64.spv
[  7%] Generating shaders/compare_u64.h
[  7%] Generating shaders/compare_complex.spv
[  8%] Generating shaders/compare_complex.h
[  8%] Generating shaders/logical_or_bool.spv
[  8%] Generating shaders/logical_or_bool.h
[  8%] Generating shaders/compare_bool.spv
[  8%] Generating shaders/compare_bool.h
[  8%] Generating shaders/take_f32.spv
[  8%] Generating shaders/take_f32.h
[  8%] Generating shaders/take_f16.spv
[  8%] Generating shaders/take_f16.h
[ 10%] Generating shaders/take_bf16.spv
[ 10%] Generating shaders/take_bf16.h
[ 10%] Generating shaders/take_u32.spv
[ 10%] Generating shaders/take_u32.h
[ 11%] Generating shaders/take_u16.spv
[ 11%] Generating shaders/take_u16.h
[ 11%] Generating shaders/take_i64.spv
[ 11%] Generating shaders/take_i64.h
[ 11%] Generating shaders/take_bool.spv
[ 11%] Generating shaders/take_bool.h
[ 11%] Generating shaders/take_c64.spv
[ 11%] Generating shaders/take_c64.h
[ 11%] Generating shaders/take_multi_f32.spv
[ 11%] Generating shaders/take_multi_f32.h
[ 11%] Generating shaders/take_multi_f16.spv
[ 11%] Generating shaders/take_multi_f16.h
[ 11%] Generating shaders/take_multi_bf16.spv
[ 11%] Generating shaders/take_multi_bf16.h
[ 11%] Generating shaders/take_multi_u32.spv
[ 11%] Generating shaders/take_multi_u32.h
[ 11%] Generating shaders/take_multi_u16.spv
[ 12%] Generating shaders/take_multi_u16.h
[ 12%] Generating shaders/take_multi_i64.spv
[ 12%] Generating shaders/take_multi_i64.h
[ 12%] Generating shaders/take_multi_bool.spv
[ 12%] Generating shaders/take_multi_bool.h
[ 12%] Generating shaders/take_multi_c64.spv
[ 12%] Generating shaders/take_multi_c64.h
[ 12%] Generating shaders/slice_update_reduce_f32.spv
[ 12%] Generating shaders/slice_update_reduce_f32.h
[ 12%] Generating shaders/slice_update_reduce_f16.spv
[ 12%] Generating shaders/slice_update_reduce_f16.h
[ 12%] Generating shaders/slice_update_reduce_bf16.spv
[ 12%] Generating shaders/slice_update_reduce_bf16.h
[ 12%] Generating shaders/slice_update_reduce_u32.spv
[ 12%] Generating shaders/slice_update_reduce_u32.h
[ 12%] Generating shaders/slice_update_pair_f16.spv
[ 12%] Generating shaders/slice_update_pair_f16.h
[ 12%] Generating shaders/scatter_triple_u32.spv
[ 12%] Generating shaders/scatter_triple_u32.h
[ 12%] Generating shaders/scatter_triple_f16.spv
[ 12%] Generating shaders/scatter_triple_f16.h
[ 12%] Generating shaders/scatter_triple_bf16.spv
[ 12%] Generating shaders/scatter_triple_bf16.h
[ 12%] Generating shaders/scatter_bool_triple.spv
[ 13%] Generating shaders/scatter_bool_triple.h
[ 13%] Generating shaders/scatter_general_u32.spv
[ 13%] Generating shaders/scatter_general_u32.h
[ 13%] Generating shaders/scatter_general_f16.spv
[ 13%] Generating shaders/scatter_general_f16.h
[ 14%] Generating shaders/scatter_general_bf16.spv
[ 14%] Generating shaders/scatter_general_bf16.h
[ 14%] Generating shaders/scatter_general_bool.spv
[ 14%] Generating shaders/scatter_general_bool.h
[ 14%] Generating shaders/scatter_general_u8.spv
[ 14%] Generating shaders/scatter_general_u8.h
[ 14%] Generating shaders/scatter_general_i8.spv
[ 14%] Generating shaders/scatter_general_i8.h
[ 14%] Generating shaders/scatter_general_u16.spv
[ 14%] Generating shaders/scatter_general_u16.h
[ 14%] Generating shaders/scatter_general_i16.spv
[ 14%] Generating shaders/scatter_general_i16.h
[ 14%] Generating shaders/scatter_triple_u8.spv
[ 14%] Generating shaders/scatter_triple_u8.h
[ 14%] Generating shaders/scatter_triple_i8.spv
[ 14%] Generating shaders/scatter_triple_i8.h
[ 14%] Generating shaders/scatter_triple_u16.spv
[ 14%] Generating shaders/scatter_triple_u16.h
[ 14%] Generating shaders/scatter_triple_i16.spv
[ 14%] Generating shaders/scatter_triple_i16.h
[ 14%] Generating shaders/copy_general_f32.spv
[ 15%] Generating shaders/copy_general_f32.h
[ 15%] Generating shaders/copy_general_f16.spv
[ 15%] Generating shaders/copy_general_f16.h
[ 15%] Generating shaders/copy_general_bf16.spv
[ 15%] Generating shaders/copy_general_bf16.h
[ 15%] Generating shaders/copy_general_bool.spv
[ 15%] Generating shaders/copy_general_bool.h
[ 16%] Generating shaders/copy_general_u32.spv
[ 16%] Generating shaders/copy_general_u32.h
[ 16%] Generating shaders/copy_general_u8.spv
[ 16%] Generating shaders/copy_general_u8.h
[ 16%] Generating shaders/copy_general_u16.spv
[ 16%] Generating shaders/copy_general_u16.h
[ 16%] Generating shaders/copy_general_u64.spv
[ 16%] Generating shaders/copy_general_u64.h
[ 16%] Generating shaders/argreduce_f32.spv
[ 16%] Generating shaders/argreduce_f32.h
[ 16%] Generating shaders/argreduce_f16.spv
[ 16%] Generating shaders/argreduce_f16.h
[ 16%] Generating shaders/argreduce_bf16.spv
[ 16%] Generating shaders/argreduce_bf16.h
[ 16%] Generating shaders/argreduce_i8.spv
[ 16%] Generating shaders/argreduce_i8.h
[ 16%] Generating shaders/argreduce_u8.spv
[ 16%] Generating shaders/argreduce_u8.h
[ 16%] Generating shaders/argreduce_i16.spv
[ 16%] Generating shaders/argreduce_i16.h
[ 16%] Generating shaders/argreduce_u16.spv
[ 17%] Generating shaders/argreduce_u16.h
[ 17%] Generating shaders/argreduce_i32.spv
[ 17%] Generating shaders/argreduce_i32.h
[ 18%] Generating shaders/argreduce_u32.spv
[ 18%] Generating shaders/argreduce_u32.h
[ 18%] Generating shaders/argreduce_i64.spv
[ 18%] Generating shaders/argreduce_i64.h
[ 18%] Generating shaders/argreduce_u64.spv
[ -3%] Generating shaders/argreduce_u64.h
[ 20%] Generating shaders/arange_f32.spv
[ 20%] Generating shaders/arange_f32.h
[ 20%] Generating shaders/arange_f16.spv
[ 20%] Generating shaders/arange_f16.h
[ 20%] Generating shaders/arange_bf16.spv
[ 21%] Generating shaders/arange_bf16.h
[ 21%] Generating shaders/arange_i32.spv
[ 21%] Generating shaders/arange_i32.h
[ 21%] Generating shaders/arange_u32.spv
[ 21%] Generating shaders/arange_u32.h
[ 21%] Generating shaders/arange_i64.spv
[ 21%] Generating shaders/arange_i64.h
[ 21%] Generating shaders/arange_u64.spv
[ 21%] Generating shaders/arange_u64.h
[ 21%] Generating shaders/sort_f32.spv
[ 22%] Generating shaders/sort_f32.h
[ 22%] Generating shaders/sort_f16.spv
[ 22%] Generating shaders/sort_f16.h
[ 22%] Generating shaders/sort_bf16.spv
[ 22%] Generating shaders/sort_bf16.h
[ 22%] Generating shaders/sort_c64.spv
[ 22%] Generating shaders/sort_c64.h
[ 22%] Generating shaders/argsort_f32.spv
[ 22%] Generating shaders/argsort_f32.h
[ 22%] Generating shaders/argsort_f16.spv
[ 22%] Generating shaders/argsort_f16.h
[ 22%] Generating shaders/argsort_bf16.spv
[ 22%] Generating shaders/argsort_bf16.h
[ 22%] Generating shaders/argsort_c64.spv
[ 22%] Generating shaders/argsort_c64.h
[ 22%] Generating shaders/sort_i32.spv
[ 22%] Generating shaders/sort_i32.h
[ 22%] Generating shaders/sort_u32.spv
[ 22%] Generating shaders/sort_u32.h
[ 22%] Generating shaders/argsort_i32.spv
[ 22%] Generating shaders/argsort_i32.h
[ 22%] Generating shaders/argsort_u32.spv
[ 22%] Generating shaders/argsort_u32.h
[ 22%] Generating shaders/sort_i8.spv
[ 22%] Generating shaders/sort_i8.h
[ 22%] Generating shaders/sort_u8.spv
[ 22%] Generating shaders/sort_u8.h
[ 23%] Generating shaders/sort_i16.spv
[ 23%] Generating shaders/sort_i16.h
[ 23%] Generating shaders/sort_u16.spv
[ 23%] Generating shaders/sort_u16.h
[ 23%] Generating shaders/argsort_i8.spv
[ 23%] Generating shaders/argsort_i8.h
[ 23%] Generating shaders/argsort_u8.spv
[ 23%] Generating shaders/argsort_u8.h
[ 23%] Generating shaders/argsort_i16.spv
[ 23%] Generating shaders/argsort_i16.h
[ 23%] Generating shaders/argsort_u16.spv
[ 23%] Generating shaders/argsort_u16.h
[ 23%] Generating shaders/sort_merge_f32.spv
[ 23%] Generating shaders/sort_merge_f32.h
[ 23%] Generating shaders/sort_merge_f16.spv
[ 23%] Generating shaders/sort_merge_f16.h
[ 23%] Generating shaders/sort_merge_bf16.spv
[ 23%] Generating shaders/sort_merge_bf16.h
[ 23%] Generating shaders/sort_merge_i32.spv
[ 23%] Generating shaders/sort_merge_i32.h
[ 23%] Generating shaders/sort_merge_u32.spv
[ 23%] Generating shaders/sort_merge_u32.h
[ 24%] Generating shaders/argsort_merge_f32.spv
[ 24%] Generating shaders/argsort_merge_f32.h
[ 24%] Generating shaders/argsort_merge_f16.spv
[ 25%] Generating shaders/argsort_merge_f16.h
[ 25%] Generating shaders/argsort_merge_bf16.spv
[ 25%] Generating shaders/argsort_merge_bf16.h
[ 25%] Generating shaders/argsort_merge_c64.spv
[ 25%] Generating shaders/argsort_merge_c64.h
[ 25%] Generating shaders/argsort_merge_i32.spv
[ 25%] Generating shaders/argsort_merge_i32.h
[ 25%] Generating shaders/argsort_merge_u32.spv
[ 25%] Generating shaders/argsort_merge_u32.h
[ 26%] Generating shaders/elementwise_i32.spv
[ 26%] Generating shaders/elementwise_i32.h
[ 26%] Generating shaders/elementwise_u32.spv
[ 26%] Generating shaders/elementwise_u32.h
[ 26%] Generating shaders/elementwise_i8.spv
[ 26%] Generating shaders/elementwise_i8.h
[ 26%] Generating shaders/elementwise_u8.spv
[ 26%] Generating shaders/elementwise_u8.h
[ 26%] Generating shaders/elementwise_i16.spv
[ 27%] Generating shaders/elementwise_i16.h
[ 27%] Generating shaders/elementwise_u16.spv
[ 27%] Generating shaders/elementwise_u16.h
[ 27%] Generating shaders/elementwise_i64.spv
[ 27%] Generating shaders/elementwise_i64.h
[ 27%] Generating shaders/elementwise_u64.spv
[ 27%] Generating shaders/elementwise_u64.h
[ 27%] Generating shaders/scan_f32.spv
[ 27%] Generating shaders/scan_f32.h
[ 27%] Generating shaders/scan_f16.spv
[ 27%] Generating shaders/scan_f16.h
[ 27%] Generating shaders/scan_bf16.spv
[ 27%] Generating shaders/scan_bf16.h
[ 28%] Generating shaders/searchsorted_f32.spv
[ 28%] Generating shaders/searchsorted_f32.h
[ 28%] Generating shaders/searchsorted_f16.spv
[ 28%] Generating shaders/searchsorted_f16.h
[ 28%] Generating shaders/searchsorted_bf16.spv
[ 30%] Generating shaders/searchsorted_bf16.h
[ 30%] Generating shaders/searchsorted_i32.spv
[ 30%] Generating shaders/searchsorted_i32.h
[ 30%] Generating shaders/searchsorted_u32.spv
[ 30%] Generating shaders/searchsorted_u32.h
[ 30%] Generating shaders/random_bits_u32.spv
[ 30%] Generating shaders/random_bits_u32.h
[ 30%] Generating shaders/qmm_f32.spv
[ 30%] Generating shaders/qmm_f32.h
[ 30%] Generating shaders/qmm_f16.spv
[ 30%] Generating shaders/qmm_f16.h
[ 30%] Generating shaders/qmm_bf16.spv
[ 30%] Generating shaders/qmm_bf16.h
[ 30%] Generating shaders/fused_chain_f32.spv
[ 30%] Generating shaders/fused_chain_f32.h
[ 30%] Generating shaders/fused_chain_f16.spv
[ 30%] Generating shaders/fused_chain_f16.h
[ 30%] Generating shaders/fused_chain_bf16.spv
[ 30%] Generating shaders/fused_chain_bf16.h
[ 30%] Generating shaders/qmm_vec_f32.spv
[ 30%] Generating shaders/qmm_vec_f32.h
[ 30%] Generating shaders/qmm_vec_f16.spv
[ 30%] Generating shaders/qmm_vec_f16.h
[ 30%] Generating shaders/qmm_vec_bf16.spv
[ 30%] Generating shaders/qmm_vec_bf16.h
[ 30%] Generating shaders/qmm_vec_subgroup_f32.spv
[ 30%] Generating shaders/qmm_vec_subgroup_f32.h
[ 30%] Generating shaders/qmm_vec_subgroup_f16.spv
[ 30%] Generating shaders/qmm_vec_subgroup_f16.h
[ 30%] Generating shaders/qmm_vec_subgroup_bf16.spv
[ 30%] Generating shaders/qmm_vec_subgroup_bf16.h
[ 30%] Generating shaders/qmm_vec_q4_word_f32.spv
[ 30%] Generating shaders/qmm_vec_q4_word_f32.h
[ 31%] Generating shaders/qmm_vec_q4_word_f16.spv
[ 31%] Generating shaders/qmm_vec_q4_word_f16.h
[ 31%] Generating shaders/qmm_vec_q4_word_bf16.spv
[ 32%] Generating shaders/qmm_vec_q4_word_bf16.h
[ 32%] Generating shaders/qmm_vec_q4_word_subgroup_f32.spv
[ 32%] Generating shaders/qmm_vec_q4_word_subgroup_f32.h
[ 32%] Generating shaders/qmm_vec_q4_word_subgroup_f16.spv
[ 32%] Generating shaders/qmm_vec_q4_word_subgroup_f16.h
[ 32%] Generating shaders/qmm_vec_q4_word_subgroup_bf16.spv
[ 32%] Generating shaders/qmm_vec_q4_word_subgroup_bf16.h
[ 32%] Generating shaders/qmm_vec_q4_word_subgroup_batch4_bf16.spv
[ 32%] Generating shaders/qmm_vec_q4_word_subgroup_batch4_bf16.h
[ 32%] Generating shaders/qmm_vec_q4_multi_f32.spv
[ 32%] Generating shaders/qmm_vec_q4_multi_f32.h
[ 33%] Generating shaders/qmm_vec_q4_multi_f16.spv
[ 33%] Generating shaders/qmm_vec_q4_multi_f16.h
[ 33%] Generating shaders/qmm_vec_q4_multi_bf16.spv
[ 34%] Generating shaders/qmm_vec_q4_multi_bf16.h
[ 34%] Generating shaders/qmm_vec_q4_multi_subgroup_f32.spv
[ 34%] Generating shaders/qmm_vec_q4_multi_subgroup_f32.h
[ 34%] Generating shaders/qmm_vec_q4_multi_subgroup_f16.spv
[ 34%] Generating shaders/qmm_vec_q4_multi_subgroup_f16.h
[ 34%] Generating shaders/qmm_vec_q4_multi_subgroup_bf16.spv
[ 34%] Generating shaders/qmm_vec_q4_multi_subgroup_bf16.h
[ 34%] Generating shaders/qmm_vec_q4_multi_outgate_bf16.spv
[ 34%] Generating shaders/qmm_vec_q4_multi_outgate_bf16.h
[ 34%] Generating shaders/qmm_vec_q4_multi_token4_subgroup_bf16.spv
[ 34%] Generating shaders/qmm_vec_q4_multi_token4_subgroup_bf16.h
[ 34%] Generating shaders/qmm_vec_q4_multi_token16_subgroup_bf16.spv
[ 34%] Generating shaders/qmm_vec_q4_multi_token16_subgroup_bf16.h
[ 34%] Generating shaders/qmm_vec_q4_multi_token4_bf16.spv
[ 34%] Generating shaders/qmm_vec_q4_multi_token4_bf16.h
[ 34%] Generating shaders/qmm_vec_q4_multi_token16_bf16.spv
[ 34%] Generating shaders/qmm_vec_q4_multi_token16_bf16.h
[ 34%] Generating shaders/qmm_vec_q4_multi_token8_subgroup_bf16.spv
[ 34%] Generating shaders/qmm_vec_q4_multi_token8_subgroup_bf16.h
[ 34%] Generating shaders/qmm_vec_q4_multi_token8_bf16.spv
[ 34%] Generating shaders/qmm_vec_q4_multi_token8_bf16.h
[ 34%] Generating shaders/qmm_vec_greedy_bf16.spv
[ 34%] Generating shaders/qmm_vec_greedy_bf16.h
[ -3%] Generating shaders/sdpa_decode_native_f16.spv
[ 34%] Generating shaders/sdpa_decode_native_f16.h
[ 34%] Generating shaders/sdpa_decode_native_bf16.spv
[ 34%] Generating shaders/sdpa_decode_native_bf16.h
[ 34%] Generating shaders/sdpa_decode_native_bf16_hd256.spv
[ 34%] Generating shaders/sdpa_decode_native_bf16_hd256.h
[ 34%] Generating shaders/sdpa_decode_native_bf16_hd32.spv
[ 34%] Generating shaders/sdpa_decode_native_bf16_hd32.h
[ 34%] Generating shaders/sdpa_decode_native_bf16_hd96.spv
[ 34%] Generating shaders/sdpa_decode_native_bf16_hd96.h
[ 34%] Generating shaders/sdpa_decode_native_bf16_hd128.spv
[ 34%] Generating shaders/sdpa_decode_native_bf16_hd128.h
[ 34%] Generating shaders/sdpa_decode_rows_bf16_hd128.spv
[ 34%] Generating shaders/sdpa_decode_rows_bf16_hd128.h
[ 34%] Generating shaders/sdpa_prefill_flash_bf16_hd128.spv
[ 34%] Generating shaders/sdpa_prefill_flash_bf16_hd128.h
[ 34%] Generating shaders/sdpa_decode_native_bf16_hd160.spv
[ 34%] Generating shaders/sdpa_decode_native_bf16_hd160.h
[ 34%] Generating shaders/sdpa_decode_native_bf16_hd192.spv
[ 34%] Generating shaders/sdpa_decode_native_bf16_hd192.h
[ 34%] Generating shaders/sdpa_decode_native_bf16_hd224.spv
[ 34%] Generating shaders/sdpa_decode_native_bf16_hd224.h
[ 34%] Generating shaders/sdpa_decode_native_f16_hd128.spv
[ 34%] Generating shaders/sdpa_decode_native_f16_hd128.h
[ 34%] Generating shaders/sdpa_decode_native_p1_f16.spv
[ 34%] Generating shaders/sdpa_decode_native_p1_f16.h
[ 35%] Generating shaders/sdpa_decode_native_p2_f16.spv
[ 35%] Generating shaders/sdpa_decode_native_p2_f16.h
[ 35%] Generating shaders/sdpa_decode_native_p1_f16_hd128.spv
[ 36%] Generating shaders/sdpa_decode_native_p1_f16_hd128.h
[ 36%] Generating shaders/sdpa_decode_native_p2_f16_hd128.spv
[ 36%] Generating shaders/sdpa_decode_native_p2_f16_hd128.h
[ 36%] Generating shaders/partition_smallk_f32.spv
[ 36%] Generating shaders/partition_smallk_f32.h
[ 36%] Generating shaders/partition_smallk_f16.spv
[ 36%] Generating shaders/partition_smallk_f16.h
[ 36%] Generating shaders/partition_smallk_bf16.spv
[ 36%] Generating shaders/partition_smallk_bf16.h
[ 36%] Generating shaders/gated_delta_decode_bf16.spv
[ 36%] Generating shaders/gated_delta_decode_bf16.h
[ 36%] Generating shaders/gated_delta_decode_perrow_bf16.spv
[ 36%] Generating shaders/gated_delta_decode_perrow_bf16.h
[ 36%] Generating shaders/gated_delta_decode_perrow_pf_bf16.spv
[ 36%] Generating shaders/gated_delta_decode_perrow_pf_bf16.h
[ 36%] Generating shaders/gated_delta_decode_composed_bf16.spv
[ 36%] Generating shaders/gated_delta_decode_composed_bf16.h
[ 36%] Generating shaders/gated_delta_decode_perrow_composed_bf16.spv
[ 36%] Generating shaders/gated_delta_decode_perrow_composed_bf16.h
[ 36%] Generating shaders/gated_delta_decode_perrow_pf_composed_bf16.spv
[ 36%] Generating shaders/gated_delta_decode_perrow_pf_composed_bf16.h
[ 36%] Generating shaders/gated_delta_prefill_bf16.spv
[ 36%] Generating shaders/gated_delta_prefill_bf16.h
[ 37%] Generating shaders/gated_delta_prefill_coopmat_bf16.spv
[ 37%] Generating shaders/gated_delta_prefill_coopmat_bf16.h
[ 37%] Generating shaders/gated_delta_prefill_coopmat_batch_bf16.spv
[ 38%] Generating shaders/gated_delta_prefill_coopmat_batch_bf16.h
[ 38%] Generating shaders/gated_delta_prefill_kktqkt.spv
[ 38%] Generating shaders/gated_delta_prefill_kktqkt.h
[ 38%] Generating shaders/gated_delta_prefill_coopmat_hoist_bf16.spv
[ 38%] Generating shaders/gated_delta_prefill_coopmat_hoist_bf16.h
[ 38%] Generating shaders/gated_delta_prefill_recur32_bf16.spv
[ 38%] Generating shaders/gated_delta_prefill_recur32_bf16.h
[ 38%] Generating shaders/gdn_vjp_save_bf16.spv
[ 38%] Generating shaders/gdn_vjp_save_bf16.h
[ 38%] Generating shaders/gdn_vjp_bf16.spv
[ 38%] Generating shaders/gdn_vjp_bf16.h
[ 38%] Generating shaders/sdpa_vjp_odo_f32.spv
[ 38%] Generating shaders/sdpa_vjp_odo_f32.h
[ 38%] Generating shaders/sdpa_vjp_odo_f16.spv
[ 38%] Generating shaders/sdpa_vjp_odo_f16.h
[ 38%] Generating shaders/sdpa_vjp_odo_bf16.spv
[ 38%] Generating shaders/sdpa_vjp_odo_bf16.h
[ 38%] Generating shaders/sdpa_vjp_ds_f32.spv
[ 38%] Generating shaders/sdpa_vjp_ds_f32.h
[ 38%] Generating shaders/sdpa_vjp_lse_f32.spv
[ 38%] Generating shaders/sdpa_vjp_lse_f32.h
[ 38%] Generating shaders/sdpa_vjp_reduce_f32.spv
[ 38%] Generating shaders/sdpa_vjp_reduce_f32.h
[ 38%] Generating shaders/sdpa_vjp_reduce_f16.spv
[ 38%] Generating shaders/sdpa_vjp_reduce_f16.h
[ 38%] Generating shaders/sdpa_vjp_reduce_bf16.spv
[ 38%] Generating shaders/sdpa_vjp_reduce_bf16.h
[ 38%] Generating shaders/qmm_tile_f32.spv
[ 38%] Generating shaders/qmm_tile_f32.h
[ -3%] Generating shaders/qmm_tile_f16.spv
[ 40%] Generating shaders/qmm_tile_f16.h
[ 40%] Generating shaders/qmm_tile_rb_f16.spv
[ 40%] Generating shaders/qmm_tile_rb_f16.h
[ 40%] Generating shaders/qmm_tile_rb_precise_f16.spv
[ 40%] Generating shaders/qmm_tile_rb_precise_f16.h
[ 40%] Generating shaders/qmm_coopmat_f16.spv
[ -3%] Generating shaders/qmm_coopmat_f16.h
[ 41%] Generating shaders/qmm_coopmat_m16_f16.spv
[ 41%] Generating shaders/qmm_coopmat_m16_f16.h
[ -3%] Generating shaders/qmm_coopmat_bf16.spv
[ 41%] Generating shaders/qmm_coopmat_bf16.h
[ 42%] Generating shaders/qmm_coopmat_m16_bf16.spv
[ 42%] Generating shaders/qmm_coopmat_m16_bf16.h
[ 42%] Generating shaders/qmm_coopmat_x32.spv
[ 42%] Generating shaders/qmm_coopmat_x32.h
[ 42%] Generating shaders/qmm_coopmat_m16_x32.spv
[ 42%] Generating shaders/qmm_coopmat_m16_x32.h
[ 42%] Generating shaders/qmm_coopmat_x32_fn.spv
[ 42%] Generating shaders/qmm_coopmat_x32_fn.h
[ 42%] Generating shaders/qmm_coopmat_m16_x32_fn.spv
[ 42%] Generating shaders/qmm_coopmat_m16_x32_fn.h
[ 42%] Generating shaders/qmm_coopmat_m16_x32_fn_ldspad.spv
[ 42%] Generating shaders/qmm_coopmat_m16_x32_fn_ldspad.h
[ 42%] Generating shaders/qmm_coopmat_m16_x32_fn_chunk.spv
[ 42%] Generating shaders/qmm_coopmat_m16_x32_fn_chunk.h
[ 42%] Generating shaders/qmm_coopmat_m16_x32_fn_chunk_pad.spv
[ 42%] Generating shaders/qmm_coopmat_m16_x32_fn_chunk_pad.h
[ 42%] Generating shaders/qmm_coopmat_x32_fn_rswap.spv
[ 42%] Generating shaders/qmm_coopmat_x32_fn_rswap.h
[ 42%] Generating shaders/qmm_coopmat_x32_fn_g2.spv
[ 42%] Generating shaders/qmm_coopmat_x32_fn_g2.h
[ 42%] Generating shaders/qmm_coopmat_x32_fn_g4.spv
[ 42%] Generating shaders/qmm_coopmat_x32_fn_g4.h
[ 42%] Generating shaders/qmm_coopmat_x32_fn_g8.spv
[ 42%] Generating shaders/qmm_coopmat_x32_fn_g8.h
[ 42%] Generating shaders/qmm_coopmat_x32_fn_twon.spv
[ 42%] Generating shaders/qmm_coopmat_x32_fn_twon.h
[ 42%] Generating shaders/qmm_coopmat_x32_fn_g4_chunk.spv
[ 42%] Generating shaders/qmm_coopmat_x32_fn_g4_chunk.h
[ 43%] Generating shaders/qmm_coopmat_x32_fn_g4_pad.spv
[ 43%] Generating shaders/qmm_coopmat_x32_fn_g4_pad.h
[ 43%] Generating shaders/qmm_coopmat_x32_fn_g4_chunk_pad.spv
[ 44%] Generating shaders/qmm_coopmat_x32_fn_g4_chunk_pad.h
[ 44%] Generating shaders/qmm_fma_f16.spv
[ 44%] Generating shaders/qmm_fma_f16.h
[ 44%] Generating shaders/qmm_fma_precise_f16.spv
[ 44%] Generating shaders/qmm_fma_precise_f16.h
[ 44%] Generating shaders/matmul_fma_bf16.spv
[ 44%] Generating shaders/matmul_fma_bf16.h
[ 44%] Generating shaders/binary_vec_f16.spv
[ 44%] Generating shaders/binary_vec_f16.h
[ 44%] Generating shaders/binary_vec_bf16.spv
[ 44%] Generating shaders/binary_vec_bf16.h
[ 44%] Generating shaders/unary_vec_f16.spv
[ 44%] Generating shaders/unary_vec_f16.h
[ 44%] Generating shaders/unary_vec_bf16.spv
[ 44%] Generating shaders/unary_vec_bf16.h
[ 44%] Generating shaders/matmul_rb_f16.spv
[ 44%] Generating shaders/matmul_rb_f16.h
[ 44%] Generating shaders/matmul_direct_f16_nn.spv
[ 44%] Generating shaders/matmul_direct_f16_nn.h
[ 44%] Generating shaders/matmul_direct_f16_nt.spv
[ 44%] Generating shaders/matmul_direct_f16_nt.h
[ 44%] Generating shaders/matmul_direct_f16_tn.spv
[ 45%] Generating shaders/matmul_direct_f16_tn.h
[ 46%] Generating shaders/matmul_direct_f16_tt.spv
[ 46%] Generating shaders/matmul_direct_f16_tt.h
[ 46%] Generating shaders/matmul_direct_f32_nn.spv
[ 46%] Generating shaders/matmul_direct_f32_nn.h
[ 46%] Generating shaders/matmul_direct_f32_nt.spv
[ 46%] Generating shaders/matmul_direct_f32_nt.h
[ 46%] Generating shaders/matmul_direct_f32_tn.spv
[ 46%] Generating shaders/matmul_direct_f32_tn.h
[ 46%] Generating shaders/matmul_direct_f32_tt.spv
[ 46%] Generating shaders/matmul_direct_f32_tt.h
[ 46%] Generating shaders/matmul_direct_f16_tn_ws8.spv
[ 46%] Generating shaders/matmul_direct_f16_tn_ws8.h
[ 46%] Generating shaders/matmul_direct_f16_nt_k4s8.spv
[ 46%] Generating shaders/matmul_direct_f16_nt_k4s8.h
[ 46%] Generating shaders/matmul_direct_f32_nt_k4s8.spv
[ 46%] Generating shaders/matmul_direct_f32_nt_k4s8.h
[ 46%] Generating shaders/matmul_direct_f32_nn_k4s8.spv
[ 46%] Generating shaders/matmul_direct_f32_nn_k4s8.h
[ 46%] Generating shaders/matmul_direct_f32_tn_ws8.spv
[ 46%] Generating shaders/matmul_direct_f32_tn_ws8.h
[ 46%] Generating shaders/matmul_direct_bf16_nn.spv
[ 46%] Generating shaders/matmul_direct_bf16_nn.h
[ 46%] Generating shaders/matmul_direct_bf16_nt.spv
[ 46%] Generating shaders/matmul_direct_bf16_nt.h
[ 46%] Generating shaders/matmul_direct_bf16_tn.spv
[ 46%] Generating shaders/matmul_direct_bf16_tn.h
[ 46%] Generating shaders/matmul_direct_bf16_tt.spv
[ 46%] Generating shaders/matmul_direct_bf16_tt.h
[ 46%] Generating shaders/matmul_direct_bf16_tn_ws8.spv
[ 46%] Generating shaders/matmul_direct_bf16_tn_ws8.h
[ 46%] Generating shaders/matmul_direct_bf16_nt_k4s8.spv
[ 46%] Generating shaders/matmul_direct_bf16_nt_k4s8.h
[ 46%] Generating shaders/swiglu_f16.spv
[ 47%] Generating shaders/swiglu_f16.h
[ 47%] Generating shaders/swiglu_bf16.spv
[ 47%] Generating shaders/swiglu_bf16.h
[ 48%] Generating shaders/silu_f16.spv
[ 48%] Generating shaders/silu_f16.h
[ 48%] Generating shaders/silu_bf16.spv
[ 50%] Generating shaders/silu_bf16.h
[ 50%] Generating shaders/fast_trio_norm_f16.spv
[ 50%] Generating shaders/fast_trio_norm_f16.h
[ 50%] Generating shaders/fast_trio_rope_pair_f16.spv
[ 50%] Generating shaders/fast_trio_rope_pair_f16.h
[ 50%] Generating shaders/fast_trio_swiglu_f16.spv
[ 51%] Generating shaders/fast_trio_swiglu_f16.h
[ 51%] Generating shaders/qmm_tile_bf16.spv
[ 51%] Generating shaders/qmm_tile_bf16.h
[ -3%] Generating shaders/dequant_f32.spv
[ 51%] Generating shaders/dequant_f32.h
[ 51%] Generating shaders/dequant_f16.spv
[ 51%] Generating shaders/dequant_f16.h
[ 51%] Generating shaders/quantize_f32.spv
[ 51%] Generating shaders/quantize_f32.h
[ 52%] Generating shaders/quantize_f16.spv
[ 52%] Generating shaders/quantize_f16.h
[ 52%] Generating shaders/quantize_bf16.spv
[ 53%] Generating shaders/quantize_bf16.h
[ 53%] Generating shaders/dequant_bf16.spv
[ 53%] Generating shaders/dequant_bf16.h
[ 53%] Generating shaders/quantize_fp_f32.spv
[ 53%] Generating shaders/quantize_fp_f32.h
[ 53%] Generating shaders/quantize_fp_f16.spv
[ 53%] Generating shaders/quantize_fp_f16.h
[ 53%] Generating shaders/quantize_fp_bf16.spv
[ 53%] Generating shaders/quantize_fp_bf16.h
[ 53%] Generating shaders/dequant_fp_f32.spv
[ 53%] Generating shaders/dequant_fp_f32.h
[ 53%] Generating shaders/dequant_fp_f16.spv
[ 53%] Generating shaders/dequant_fp_f16.h
[ 53%] Generating shaders/dequant_fp_bf16.spv
[ 53%] Generating shaders/dequant_fp_bf16.h
[ 53%] Generating shaders/int8_matmul.spv
[ 53%] Generating shaders/int8_matmul.h
[ 53%] Generating shaders/qmm_fp_f32.spv
[ 53%] Generating shaders/qmm_fp_f32.h
[ 53%] Generating shaders/qmm_fp_f16.spv
[ 53%] Generating shaders/qmm_fp_f16.h
[ 53%] Generating shaders/qmm_fp_bf16.spv
[ 53%] Generating shaders/qmm_fp_bf16.h
[ 53%] Generating shaders/qmm_vec_fp_f32.spv
[ 53%] Generating shaders/qmm_vec_fp_f32.h
[ -3%] Generating shaders/qmm_vec_fp_f16.spv
[ 53%] Generating shaders/qmm_vec_fp_f16.h
[ 53%] Generating shaders/qmm_vec_fp_bf16.spv
[ 53%] Generating shaders/qmm_vec_fp_bf16.h
[ 53%] Generating shaders/qmm_vec_subgroup_fp_f32.spv
[ 53%] Generating shaders/qmm_vec_subgroup_fp_f32.h
[ 53%] Generating shaders/qmm_vec_subgroup_fp_f16.spv
[ 53%] Generating shaders/qmm_vec_subgroup_fp_f16.h
[ 53%] Generating shaders/qmm_vec_subgroup_fp_bf16.spv
[ 53%] Generating shaders/qmm_vec_subgroup_fp_bf16.h
[ 53%] Generating shaders/qmm_tile_fp_f32.spv
[ 53%] Generating shaders/qmm_tile_fp_f32.h
[ 53%] Generating shaders/qmm_tile_fp_f16.spv
[ 53%] Generating shaders/qmm_tile_fp_f16.h
[ 54%] Generating shaders/qmm_tile_fp_bf16.spv
[ 54%] Generating shaders/qmm_tile_fp_bf16.h
[ 54%] Generating shaders/conv_f32.spv
[ 54%] Generating shaders/conv_f32.h
[ 54%] Generating shaders/conv_f16.spv
[ 54%] Generating shaders/conv_f16.h
[ 54%] Generating shaders/conv_bf16.spv
[ 54%] Generating shaders/conv_bf16.h
[ -3%] Generating shaders/conv_dw1d_f32.spv
[ 54%] Generating shaders/conv_dw1d_f32.h
[ 54%] Generating shaders/conv_dw1d_f16.spv
[ 54%] Generating shaders/conv_dw1d_f16.h
[ 54%] Generating shaders/conv_dw1d_bf16.spv
[ 54%] Generating shaders/conv_dw1d_bf16.h
[ 54%] Generating shaders/gather_axis_u32.spv
[ 54%] Generating shaders/gather_axis_u32.h
[ 54%] Generating shaders/gather_axis_i64.spv
[ 54%] Generating shaders/gather_axis_i64.h
[ 54%] Generating shaders/gather_axis_f16.spv
[ 54%] Generating shaders/gather_axis_f16.h
[ 54%] Generating shaders/gather_axis_bf16.spv
[ 54%] Generating shaders/gather_axis_bf16.h
[ 54%] Generating shaders/gather_axis_bool.spv
[ 54%] Generating shaders/gather_axis_bool.h
[ 54%] Generating shaders/gather_axis_c64.spv
[ 54%] Generating shaders/gather_axis_c64.h
[ 54%] Generating shaders/scatter_u32.spv
[ 55%] Generating shaders/scatter_u32.h
[ 55%] Generating shaders/scatter_f16.spv
[ 55%] Generating shaders/scatter_f16.h
[ 56%] Generating shaders/scatter_u8.spv
[ 56%] Generating shaders/scatter_u8.h
[ 56%] Generating shaders/scatter_i8.spv
[ 56%] Generating shaders/scatter_i8.h
[ 56%] Generating shaders/scatter_u16.spv
[ 56%] Generating shaders/scatter_u16.h
[ 56%] Generating shaders/scatter_i16.spv
[ 56%] Generating shaders/scatter_i16.h
[ -3%] Generating shaders/scatter_bf16.spv
[ 56%] Generating shaders/scatter_bf16.h
[ 57%] Generating shaders/scatter_c64.spv
[ 57%] Generating shaders/scatter_c64.h
[ 57%] Generating shaders/scatter_multi_u32.spv
[ 57%] Generating shaders/scatter_multi_u32.h
[ 57%] Generating shaders/scatter_multi_f16.spv
[ 57%] Generating shaders/scatter_multi_f16.h
[ 57%] Generating shaders/scatter_multi_bf16.spv
[ 57%] Generating shaders/scatter_multi_bf16.h
[ 57%] Generating shaders/scatter_axis_u32.spv
[ 57%] Generating shaders/scatter_axis_u32.h
[ 57%] Generating shaders/scatter_axis_f16.spv
[ 57%] Generating shaders/scatter_axis_f16.h
[ 57%] Generating shaders/scatter_axis_bf16.spv
[ 57%] Generating shaders/scatter_axis_bf16.h
[ 58%] Generating shaders/scatter_axis_c64.spv
[ 58%] Generating shaders/scatter_axis_c64.h
[ 60%] Generating shaders/masked_scatter_u32.spv
[ 60%] Generating shaders/masked_scatter_u32.h
[ 60%] Generating shaders/masked_scatter_f16.spv
[ 61%] Generating shaders/masked_scatter_f16.h
[ 61%] Generating shaders/masked_scatter_bf16.spv
[ 61%] Generating shaders/masked_scatter_bf16.h
[ 61%] Generating shaders/scatter_fadd_f32.spv
[ 61%] Generating shaders/scatter_fadd_f32.h
[ 61%] Generating shaders/scatter_fadd_f16.spv
[ 61%] Generating shaders/scatter_fadd_f16.h
[ 61%] Generating shaders/scatter_fadd_bf16.spv
[ 61%] Generating shaders/scatter_fadd_bf16.h
[ 61%] Generating shaders/scatter_fadd_multi_f32.spv
[ 61%] Generating shaders/scatter_fadd_multi_f32.h
[ 61%] Generating shaders/scatter_fadd_triple_f32.spv
[ 61%] Generating shaders/scatter_fadd_triple_f32.h
[ 61%] Generating shaders/scatter_fadd_general_f32.spv
[ 61%] Generating shaders/scatter_fadd_general_f32.h
[ 61%] Generating shaders/scatter_fcas_f32.spv
[ 61%] Generating shaders/scatter_fcas_f32.h
[ 61%] Generating shaders/scatter_fcas_f16.spv
[ 61%] Generating shaders/scatter_fcas_f16.h
[ 61%] Generating shaders/scatter_fcas_bf16.spv
[ 61%] Generating shaders/scatter_fcas_bf16.h
[ 61%] Generating shaders/scatter_fcas_multi_f32.spv
[ 62%] Generating shaders/scatter_fcas_multi_f32.h
[ 62%] Generating shaders/scatter_fcas_triple_f32.spv
[ 62%] Generating shaders/scatter_fcas_triple_f32.h
[ 62%] Generating shaders/scatter_fcas_general_f32.spv
[ 62%] Generating shaders/scatter_fcas_general_f32.h
[ 62%] Generating shaders/scatter_bool.spv
[ 62%] Generating shaders/scatter_bool.h
[ 62%] Generating shaders/scatter_bool_multi.spv
[ 62%] Generating shaders/scatter_bool_multi.h
[ 62%] Generating shaders/scatter_axis_fadd_f32.spv
[ 62%] Generating shaders/scatter_axis_fadd_f32.h
[ 62%] Generating shaders/scatter_multi_u8.spv
[ 62%] Generating shaders/scatter_multi_u8.h
[ 63%] Generating shaders/scatter_multi_i8.spv
[ 63%] Generating shaders/scatter_multi_i8.h
[ 63%] Generating shaders/scatter_multi_u16.spv
[ 63%] Generating shaders/scatter_multi_u16.h
[ 63%] Generating shaders/scatter_multi_i16.spv
[ 64%] Generating shaders/scatter_multi_i16.h
[ 64%] Generating shaders/scatter_axis_fadd_f16.spv
[ 64%] Generating shaders/scatter_axis_fadd_f16.h
[ 64%] Generating shaders/scatter_axis_fadd_bf16.spv
[ 64%] Generating shaders/scatter_axis_fadd_bf16.h
[ 64%] Generating shaders/scatter_axis_fcas_f32.spv
[ 64%] Generating shaders/scatter_axis_fcas_f32.h
[ 64%] Generating shaders/scatter_axis_fcas_f16.spv
[ 64%] Generating shaders/scatter_axis_fcas_f16.h
[ 64%] Generating shaders/scatter_axis_fcas_bf16.spv
[ 64%] Generating shaders/scatter_axis_fcas_bf16.h
[ 64%] Generating shaders/scatter_axis_bool.spv
[ 65%] Generating shaders/scatter_axis_bool.h
[ 65%] Generating shaders/clear_u32.spv
[ 65%] Generating shaders/clear_u32.h
[ 65%] Generating shaders/reduce_general_f32.spv
[ 65%] Generating shaders/reduce_general_f32.h
[ 65%] Generating shaders/reduce_general_f16.spv
[ 66%] Generating shaders/reduce_general_f16.h
[ 66%] Generating shaders/reduce_general_bf16.spv
[ 66%] Generating shaders/reduce_general_bf16.h
[ -3%] Generating shaders/reduce_general_i32.spv
[ 66%] Generating shaders/reduce_general_i32.h
[ 66%] Generating shaders/reduce_general_u32.spv
[ 66%] Generating shaders/reduce_general_u32.h
[ 66%] Generating shaders/reduce_general_bool.spv
[ 66%] Generating shaders/reduce_general_bool.h
[ 66%] Generating shaders/reduce_general_i8.spv
[ 66%] Generating shaders/reduce_general_i8.h
[ 66%] Generating shaders/reduce_general_u8.spv
[ 66%] Generating shaders/reduce_general_u8.h
[ 67%] Generating shaders/reduce_general_i16.spv
[ 67%] Generating shaders/reduce_general_i16.h
[ 67%] Generating shaders/reduce_general_u16.spv
[ 67%] Generating shaders/reduce_general_u16.h
[ 67%] Generating shaders/reduce_general_i64.spv
[ 67%] Generating shaders/reduce_general_i64.h
[ 67%] Generating shaders/reduce_general_u64.spv
[ 67%] Generating shaders/reduce_general_u64.h
[ 67%] Generating shaders/reduce_general_complex.spv
[ 67%] Generating shaders/reduce_general_complex.h
[ 67%] Generating shaders/anyall_f32.spv
[ 67%] Generating shaders/anyall_f32.h
[ 67%] Generating shaders/anyall_f16.spv
[ 67%] Generating shaders/anyall_f16.h
[ 67%] Generating shaders/anyall_bf16.spv
[ 67%] Generating shaders/anyall_bf16.h
[ 67%] Generating shaders/anyall_i32.spv
[ 67%] Generating shaders/anyall_i32.h
[ 67%] Generating shaders/anyall_u32.spv
[ 67%] Generating shaders/anyall_u32.h
[ 67%] Generating shaders/anyall_bool.spv
[ 67%] Generating shaders/anyall_bool.h
[ -3%] Generating shaders/scan_general_f32.spv
[ 67%] Generating shaders/scan_general_f32.h
[ 67%] Generating shaders/scan_general_f16.spv
[ 67%] Generating shaders/scan_general_f16.h
[ 67%] Generating shaders/scan_general_bf16.spv
[ 67%] Generating shaders/scan_general_bf16.h
[ 67%] Generating shaders/scan_general_i32.spv
[ 67%] Generating shaders/scan_general_i32.h
[ 67%] Generating shaders/scan_general_u32.spv
[ 67%] Generating shaders/scan_general_u32.h
[ 67%] Generating shaders/scan_general_bool.spv
[ 68%] Generating shaders/scan_general_bool.h
[ 68%] Generating shaders/scan_general_i8.spv
[ 68%] Generating shaders/scan_general_i8.h
[ 68%] Generating shaders/scan_general_u8.spv
[ 68%] Generating shaders/scan_general_u8.h
[ 68%] Generating shaders/scan_general_i16.spv
[ 68%] Generating shaders/scan_general_i16.h
[ 68%] Generating shaders/scan_general_u16.spv
[ 68%] Generating shaders/scan_general_u16.h
[ 68%] Generating shaders/scan_general_i64.spv
[ 68%] Generating shaders/scan_general_i64.h
[ 68%] Generating shaders/scan_general_u64.spv
[ 68%] Generating shaders/scan_general_u64.h
[ 70%] Generating shaders/scan_general_complex.spv
[ 70%] Generating shaders/scan_general_complex.h
[ 70%] Generating shaders/hadamard_f32.spv
[ 70%] Generating shaders/hadamard_f32.h
[ 70%] Generating shaders/hadamard_f16.spv
[ 70%] Generating shaders/hadamard_f16.h
[ 70%] Generating shaders/hadamard_bf16.spv
[ 70%] Generating shaders/hadamard_bf16.h
[ 70%] Generating shaders/block_mask_f32.spv
[ 70%] Generating shaders/block_mask_f32.h
[ 70%] Generating shaders/gather_mm_f32.spv
[ 71%] Generating shaders/gather_mm_f32.h
[ 71%] Generating shaders/gather_mm_f16.spv
[ 71%] Generating shaders/gather_mm_f16.h
[ 71%] Generating shaders/gather_mm_bf16.spv
[ 71%] Generating shaders/gather_mm_bf16.h
[ 71%] Generating shaders/segmented_mm_f32.spv
[ 71%] Generating shaders/segmented_mm_f32.h
[ 71%] Generating shaders/segmented_mm_f16.spv
[ 71%] Generating shaders/segmented_mm_f16.h
[ 71%] Generating shaders/segmented_mm_bf16.spv
[ 71%] Generating shaders/segmented_mm_bf16.h
[ 71%] Generating shaders/gather_qmm_f32.spv
[ 71%] Generating shaders/gather_qmm_f32.h
[ 72%] Generating shaders/gather_qmm_f16.spv
[ 72%] Generating shaders/gather_qmm_f16.h
[ 72%] Generating shaders/gather_qmm_bf16.spv
[ 72%] Generating shaders/gather_qmm_bf16.h
[ 72%] Generating shaders/gather_qmm_nb_f32.spv
[ 72%] Generating shaders/gather_qmm_nb_f32.h
[ 72%] Generating shaders/gather_qmm_nb_f16.spv
[ 72%] Generating shaders/gather_qmm_nb_f16.h
[ 72%] Generating shaders/gather_qmm_nb_bf16.spv
[ 72%] Generating shaders/gather_qmm_nb_bf16.h
[ 72%] Generating shaders/gather_qmm_sub_f32.spv
[ 72%] Generating shaders/gather_qmm_sub_f32.h
[ 72%] Generating shaders/gather_qmm_sub_f16.spv
[ 72%] Generating shaders/gather_qmm_sub_f16.h
[ 72%] Generating shaders/gather_qmm_sub_bf16.spv
[ 72%] Generating shaders/gather_qmm_sub_bf16.h
[ 73%] Generating shaders/gather_qmm_nb_sub_f32.spv
[ 73%] Generating shaders/gather_qmm_nb_sub_f32.h
[ 73%] Generating shaders/gather_qmm_nb_sub_f16.spv
[ 74%] Generating shaders/gather_qmm_nb_sub_f16.h
[ 74%] Generating shaders/gather_qmm_nb_sub_bf16.spv
[ 74%] Generating shaders/gather_qmm_nb_sub_bf16.h
[ 74%] Generating shaders/gather_qmm_nb_fp_f32.spv
[ 74%] Generating shaders/gather_qmm_nb_fp_f32.h
[ 74%] Generating shaders/gather_qmm_nb_fp_f16.spv
[ 74%] Generating shaders/gather_qmm_nb_fp_f16.h
[ 74%] Generating shaders/gather_qmm_nb_fp_bf16.spv
[ 74%] Generating shaders/gather_qmm_nb_fp_bf16.h
[ 74%] Generating shaders/gather_qmm_nb_fp_hgs_f32.spv
[ 74%] Generating shaders/gather_qmm_nb_fp_hgs_f32.h
[ 74%] Generating shaders/gather_qmm_nb_fp_hgs_f16.spv
[ 74%] Generating shaders/gather_qmm_nb_fp_hgs_f16.h
[ 74%] Generating shaders/gather_qmm_nb_fp_hgs_bf16.spv
[ 74%] Generating shaders/gather_qmm_nb_fp_hgs_bf16.h
[ 75%] Generating shaders/fft_f32.spv
[ 75%] Generating shaders/fft_f32.h
[ 75%] Generating shaders/fft_real_f32.spv
[ 75%] Generating shaders/fft_real_f32.h
[ 75%] Generating shaders/fft_stage_f32.spv
[ 75%] Generating shaders/fft_stage_f32.h
[ 75%] Generating shaders/linalg_cholesky_f32.spv
[ 76%] Generating shaders/linalg_cholesky_f32.h
[ 76%] Generating shaders/linalg_inverse_f32.spv
[ 76%] Generating shaders/linalg_inverse_f32.h
[ 76%] Generating shaders/linalg_lu_f32.spv
[ 76%] Generating shaders/linalg_lu_f32.h
[ 76%] Generating shaders/linalg_qr_f32.spv
[ 76%] Generating shaders/linalg_qr_f32.h
[ 76%] Generating shaders/linalg_eigh_f32.spv
[ 76%] Generating shaders/linalg_eigh_f32.h
[ 77%] Generating shaders/linalg_eig_f32.spv
[ 77%] Generating shaders/linalg_eig_f32.h
[ 77%] Generating shaders/linalg_svd_f32.spv
[ 77%] Generating shaders/linalg_svd_f32.h
[ 77%] Generating shaders/linalg_svd_finalize_f32.spv
[ 77%] Generating shaders/linalg_svd_finalize_f32.h
[ 77%] Generating shaders/fast_rms_norm_f32.spv
[ 77%] Generating shaders/fast_rms_norm_f32.h
[ 77%] Generating shaders/fast_rms_norm_f16.spv
[ 77%] Generating shaders/fast_rms_norm_f16.h
[ 77%] Generating shaders/fast_rms_norm_bf16.spv
[ 77%] Generating shaders/fast_rms_norm_bf16.h
[ 77%] Generating shaders/fast_rms_norm_apple_bf16.spv
[ 77%] Generating shaders/fast_rms_norm_apple_bf16.h
[ 78%] Generating shaders/fast_norm_gated_bf16.spv
[ 78%] Generating shaders/fast_norm_gated_bf16.h
[ 78%] Generating shaders/fast_norm_gated_only_bf16.spv
[ 78%] Generating shaders/fast_norm_gated_only_bf16.h
[ 78%] Generating shaders/gdn_conv_decode_bf16.spv
[ 78%] Generating shaders/gdn_conv_decode_bf16.h
[ 78%] Generating shaders/fast_norm_gated_apple_bf16.spv
[ 80%] Generating shaders/fast_norm_gated_apple_bf16.h
[ 80%] Generating shaders/fast_norm_gated_only_apple_bf16.spv
[ 80%] Generating shaders/fast_norm_gated_only_apple_bf16.h
[ 80%] Generating shaders/gdn_conv_decode_apple_bf16.spv
[ 80%] Generating shaders/gdn_conv_decode_apple_bf16.h
[ 80%] Generating shaders/fast_layer_norm_f32.spv
[ 80%] Generating shaders/fast_layer_norm_f32.h
[ 80%] Generating shaders/fast_layer_norm_f16.spv
[ 80%] Generating shaders/fast_layer_norm_f16.h
[ 80%] Generating shaders/fast_layer_norm_bf16.spv
[ 80%] Generating shaders/fast_layer_norm_bf16.h
[ 80%] Generating shaders/fast_rms_norm_vjp_dx_f32.spv
[ 80%] Generating shaders/fast_rms_norm_vjp_dx_f32.h
[ 81%] Generating shaders/fast_rms_norm_vjp_dx_f16.spv
[ 81%] Generating shaders/fast_rms_norm_vjp_dx_f16.h
[ 81%] Generating shaders/fast_rms_norm_vjp_dx_bf16.spv
[ 81%] Generating shaders/fast_rms_norm_vjp_dx_bf16.h
[ 81%] Generating shaders/fast_layer_norm_vjp_dx_f32.spv
[ 81%] Generating shaders/fast_layer_norm_vjp_dx_f32.h
[ 81%] Generating shaders/fast_layer_norm_vjp_dx_f16.spv
[ 81%] Generating shaders/fast_layer_norm_vjp_dx_f16.h
[ 81%] Generating shaders/fast_layer_norm_vjp_dx_bf16.spv
[ 81%] Generating shaders/fast_layer_norm_vjp_dx_bf16.h
[ 81%] Generating shaders/fast_rms_norm_vjp_dw_f32.spv
[ 81%] Generating shaders/fast_rms_norm_vjp_dw_f32.h
[ 81%] Generating shaders/fast_rms_norm_vjp_dw_f16.spv
[ 81%] Generating shaders/fast_rms_norm_vjp_dw_f16.h
[ 81%] Generating shaders/fast_rms_norm_vjp_dw_bf16.spv
[ 81%] Generating shaders/fast_rms_norm_vjp_dw_bf16.h
[ 81%] Generating shaders/fast_layer_norm_vjp_dw_f32.spv
[ 81%] Generating shaders/fast_layer_norm_vjp_dw_f32.h
[ 81%] Generating shaders/fast_layer_norm_vjp_dw_f16.spv
[ 81%] Generating shaders/fast_layer_norm_vjp_dw_f16.h
[ 81%] Generating shaders/fast_layer_norm_vjp_dw_bf16.spv
[ 81%] Generating shaders/fast_layer_norm_vjp_dw_bf16.h
[ 81%] Generating shaders/fast_rms_norm_vjp_dw_reduce_f32.spv
[ 82%] Generating shaders/fast_rms_norm_vjp_dw_reduce_f32.h
[ 82%] Generating shaders/fast_rms_norm_vjp_dw_reduce_f16.spv
[ 82%] Generating shaders/fast_rms_norm_vjp_dw_reduce_f16.h
[ 82%] Generating shaders/fast_rms_norm_vjp_dw_reduce_bf16.spv
[ 82%] Generating shaders/fast_rms_norm_vjp_dw_reduce_bf16.h
[ 82%] Generating shaders/fast_cross_entropy_vjp_f32.spv
[ 82%] Generating shaders/fast_cross_entropy_vjp_f32.h
[ 82%] Generating shaders/fast_cross_entropy_vjp_f16.spv
[ 82%] Generating shaders/fast_cross_entropy_vjp_f16.h
[ 83%] Generating shaders/fast_cross_entropy_vjp_bf16.spv
[ 83%] Generating shaders/fast_cross_entropy_vjp_bf16.h
[ 83%] Generating shaders/fast_cross_entropy_f32.spv
[ 84%] Generating shaders/fast_cross_entropy_f32.h
[ 84%] Generating shaders/fast_cross_entropy_f16.spv
[ 84%] Generating shaders/fast_cross_entropy_f16.h
[ 84%] Generating shaders/fast_cross_entropy_bf16.spv
[ 84%] Generating shaders/fast_cross_entropy_bf16.h
[ 84%] Generating shaders/fast_rope_f32.spv
[ 84%] Generating shaders/fast_rope_f32.h
[ -3%] Generating shaders/fast_rope_f16.spv
[ 84%] Generating shaders/fast_rope_f16.h
[ 84%] Generating shaders/fast_rope_bf16.spv
[ 84%] Generating shaders/fast_rope_bf16.h
[ 84%] Generating shaders/fast_rope_freqs_f32.spv
[ 84%] Generating shaders/fast_rope_freqs_f32.h
[ 84%] Generating shaders/fast_rope_freqs_f16.spv
[ 84%] Generating shaders/fast_rope_freqs_f16.h
[ 84%] Generating shaders/fast_rope_freqs_bf16.spv
[ 84%] Generating shaders/fast_rope_freqs_bf16.h
[ 84%] Generating shaders/fast_rope_norm_bf16.spv
[ 84%] Generating shaders/fast_rope_norm_bf16.h
[ 84%] Generating shaders/fast_rope_norm_apple_bf16.spv
[ 84%] Generating shaders/fast_rope_norm_apple_bf16.h
[ 84%] Generating shaders/fp8_to_f32.spv
[ 84%] Generating shaders/fp8_to_f32.h
[ 85%] Generating shaders/fp8_to_f16.spv
[ 85%] Generating shaders/fp8_to_f16.h
[ 85%] Generating shaders/fp8_to_bf16.spv
[ 86%] Generating shaders/fp8_to_bf16.h
[ 86%] Generating shaders/fp8_from_f32.spv
[ 86%] Generating shaders/fp8_from_f32.h
[ 86%] Generating shaders/fp8_from_f16.spv
[ 86%] Generating shaders/fp8_from_f16.h
[ 86%] Generating shaders/fp8_from_bf16.spv
[ 86%] Generating shaders/fp8_from_bf16.h
[ 86%] Generating shaders/complex_elementwise.spv
[ 87%] Generating shaders/complex_elementwise.h
[ 87%] Generating shaders/complex_real.spv
[ 87%] Generating shaders/complex_real.h
[ 88%] Generating shaders/complex_imag.spv
[ 88%] Generating shaders/complex_imag.h
[ 88%] Generating shaders/complex_abs.spv
[ 88%] Generating shaders/complex_abs.h
[ 88%] Generating shaders/complex_abs_as_complex.spv
[ 88%] Generating shaders/complex_abs_as_complex.h
[ 88%] Generating shaders/cast_f32_c64.spv
[ 88%] Generating shaders/cast_f32_c64.h
[ 88%] Generating shaders/cast_i32_c64.spv
[ 88%] Generating shaders/cast_i32_c64.h
[ 88%] Generating shaders/cast_u32_c64.spv
[ 88%] Generating shaders/cast_u32_c64.h
[ 88%] Generating shaders/cast_bool_c64.spv
[ 88%] Generating shaders/cast_bool_c64.h
[ 88%] Generating shaders/cast_f16_c64.spv
[ 88%] Generating shaders/cast_f16_c64.h
[ 88%] Generating shaders/cast_bf16_c64.spv
[ 88%] Generating shaders/cast_bf16_c64.h
[ 88%] Generating shaders/cast_c64_f32.spv
[ 88%] Generating shaders/cast_c64_f32.h
[ 88%] Generating shaders/cast_int_w1_w1.spv
[ 88%] Generating shaders/cast_int_w1_w1.h
[ 88%] Generating shaders/cast_int_w1_w2.spv
[ 88%] Generating shaders/cast_int_w1_w2.h
[ 88%] Generating shaders/cast_int_w1_w4.spv
[ 88%] Generating shaders/cast_int_w1_w4.h
[ 88%] Generating shaders/cast_int_w1_w8.spv
[ 88%] Generating shaders/cast_int_w1_w8.h
[ 88%] Generating shaders/cast_int_w2_w1.spv
[ 88%] Generating shaders/cast_int_w2_w1.h
[ 88%] Generating shaders/cast_int_w2_w2.spv
[ 88%] Generating shaders/cast_int_w2_w2.h
[ 88%] Generating shaders/cast_int_w2_w4.spv
[ 88%] Generating shaders/cast_int_w2_w4.h
[ 88%] Generating shaders/cast_int_w2_w8.spv
[ 88%] Generating shaders/cast_int_w2_w8.h
[ 88%] Generating shaders/cast_int_w4_w1.spv
[ 90%] Generating shaders/cast_int_w4_w1.h
[ 91%] Generating shaders/cast_int_w4_w2.spv
[ 91%] Generating shaders/cast_int_w4_w2.h
[ 91%] Generating shaders/cast_int_w4_w4.spv
[ 91%] Generating shaders/cast_int_w4_w4.h
[ 91%] Generating shaders/cast_int_w4_w8.spv
[ 91%] Generating shaders/cast_int_w4_w8.h
[ 91%] Generating shaders/cast_int_w8_w1.spv
[ 91%] Generating shaders/cast_int_w8_w1.h
[ 91%] Generating shaders/cast_int_w8_w2.spv
[ 91%] Generating shaders/cast_int_w8_w2.h
[ 91%] Generating shaders/cast_int_w8_w4.spv
[ 91%] Generating shaders/cast_int_w8_w4.h
[ 91%] Generating shaders/cast_int_w8_w8.spv
[ 91%] Generating shaders/cast_int_w8_w8.h
[ 91%] Generating shaders/fill_c64.spv
[ 91%] Generating shaders/fill_c64.h
[ 91%] Generating shaders/copy_general_c64.spv
[ 91%] Generating shaders/copy_general_c64.h
[ 91%] Generating shaders/fill_u64.spv
[ 91%] Generating shaders/fill_u64.h
[ 91%] Generating shaders/fill_u16.spv
[ 91%] Generating shaders/fill_u16.h
[ 91%] Built target omarchy_shaders
[ 91%] Building CXX object mlx/CMakeFiles/mlx_version.dir/version.cpp.o
[ 91%] Built target mlx_version
[ 91%] Generating compiled_preamble.cpp
[ 91%] Built target cpu_compiled_preamble
[ 91%] Building CXX object CMakeFiles/mlx.dir/mlx/array.cpp.o
In file included from ~/v0.7.31-src/.work/mlx/mlx/event.h:8,
                 from ~/v0.7.31-src/.work/mlx/mlx/array.h:14,
                 from ~/v0.7.31-src/.work/mlx/mlx/array.cpp:5:
~/v0.7.31-src/.work/mlx/mlx/error.h: In member function 'void mlx::core::Error::set_message(Message)':
~/v0.7.31-src/.work/mlx/mlx/error.h:17:22: warning: 'void std::atomic_store(shared_ptr<_Tp>*, shared_ptr<_Tp>) [with _Tp = __cxx11::basic_string<char>]' is deprecated: use 'std::atomic<std::shared_ptr<T>>' instead [-Wdeprecated-declarations]
   17 |     std::atomic_store(&message_, std::move(msg));
      |     ~~~~~~~~~~~~~~~~~^~~~~~~~~~~~~~~~~~~~~~~~~~~
In file included from /usr/include/c++/16.1.1/memory:83,
                 from ~/v0.7.31-src/.work/mlx/mlx/array.h:7:
/usr/include/c++/16.1.1/bits/shared_ptr_atomic.h:183:5: note: declared here
  183 |     atomic_store(shared_ptr<_Tp>* __p, shared_ptr<_Tp> __r)
      |     ^~~~~~~~~~~~
~/v0.7.31-src/.work/mlx/mlx/error.h: In member function 'bool mlx::core::Error::valid() const':
~/v0.7.31-src/.work/mlx/mlx/error.h:21:32: warning: 'std::shared_ptr<_Tp> std::atomic_load(const shared_ptr<_Tp>*) [with _Tp = __cxx11::basic_string<char>]' is deprecated: use 'std::atomic<std::shared_ptr<T>>' instead [-Wdeprecated-declarations]
   21 |     auto msg = std::atomic_load(&message_);
      |                ~~~~~~~~~~~~~~~~^~~~~~~~~~~
/usr/include/c++/16.1.1/bits/shared_ptr_atomic.h:142:5: note: declared here
  142 |     atomic_load(const shared_ptr<_Tp>* __p)
      |     ^~~~~~~~~~~
~/v0.7.31-src/.work/mlx/mlx/error.h: In member function 'bool mlx::core::Error::store_if_valid(const mlx::core::Error*)':
~/v0.7.31-src/.work/mlx/mlx/error.h:28:37: warning: 'std::shared_ptr<_Tp> std::atomic_load(const shared_ptr<_Tp>*) [with _Tp = __cxx11::basic_string<char>]' is deprecated: use 'std::atomic<std::shared_ptr<T>>' instead [-Wdeprecated-declarations]
   28 |       Message msg = std::atomic_load(&ptr->message_);
      |                     ~~~~~~~~~~~~~~~~^~~~~~~~~~~~~~~~
/usr/include/c++/16.1.1/bits/shared_ptr_atomic.h:142:5: note: declared here
  142 |     atomic_load(const shared_ptr<_Tp>* __p)
      |     ^~~~~~~~~~~
~/v0.7.31-src/.work/mlx/mlx/error.h: In member function 'void mlx::core::Error::check()':
~/v0.7.31-src/.work/mlx/mlx/error.h:39:36: warning: 'std::shared_ptr<_Tp> std::atomic_exchange(shared_ptr<_Tp>*, shared_ptr<_Tp>) [with _Tp = __cxx11::basic_string<char>]' is deprecated: use 'std::atomic<std::shared_ptr<T>>' instead [-Wdeprecated-declarations]
   39 |     auto msg = std::atomic_exchange(&message_, {});
      |                ~~~~~~~~~~~~~~~~~~~~^~~~~~~~~~~~~~~
/usr/include/c++/16.1.1/bits/shared_ptr_atomic.h:225:5: note: declared here
  225 |     atomic_exchange(shared_ptr<_Tp>* __p, shared_ptr<_Tp> __r)
      |     ^~~~~~~~~~~~~~~
[ 91%] Building CXX object CMakeFiles/mlx.dir/mlx/compile.cpp.o
In file included from ~/v0.7.31-src/.work/mlx/mlx/event.h:8,
                 from ~/v0.7.31-src/.work/mlx/mlx/array.h:14,
                 from ~/v0.7.31-src/.work/mlx/mlx/backend/common/compiled.h:8,
                 from ~/v0.7.31-src/.work/mlx/mlx/compile.cpp:13:
~/v0.7.31-src/.work/mlx/mlx/error.h: In member function 'void mlx::core::Error::set_message(Message)':
~/v0.7.31-src/.work/mlx/mlx/error.h:17:22: warning: 'void std::atomic_store(shared_ptr<_Tp>*, shared_ptr<_Tp>) [with _Tp = __cxx11::basic_string<char>]' is deprecated: use 'std::atomic<std::shared_ptr<T>>' instead [-Wdeprecated-declarations]
   17 |     std::atomic_store(&message_, std::move(msg));
      |     ~~~~~~~~~~~~~~~~~^~~~~~~~~~~~~~~~~~~~~~~~~~~
In file included from /usr/include/c++/16.1.1/memory:83,
                 from ~/v0.7.31-src/.work/mlx/mlx/array.h:7:
/usr/include/c++/16.1.1/bits/shared_ptr_atomic.h:183:5: note: declared here
  183 |     atomic_store(shared_ptr<_Tp>* __p, shared_ptr<_Tp> __r)
      |     ^~~~~~~~~~~~
~/v0.7.31-src/.work/mlx/mlx/error.h: In member function 'bool mlx::core::Error::valid() const':
~/v0.7.31-src/.work/mlx/mlx/error.h:21:32: warning: 'std::shared_ptr<_Tp> std::atomic_load(const shared_ptr<_Tp>*) [with _Tp = __cxx11::basic_string<char>]' is deprecated: use 'std::atomic<std::shared_ptr<T>>' instead [-Wdeprecated-declarations]
   21 |     auto msg = std::atomic_load(&message_);
      |                ~~~~~~~~~~~~~~~~^~~~~~~~~~~
/usr/include/c++/16.1.1/bits/shared_ptr_atomic.h:142:5: note: declared here
  142 |     atomic_load(const shared_ptr<_Tp>* __p)
      |     ^~~~~~~~~~~
~/v0.7.31-src/.work/mlx/mlx/error.h: In member function 'bool mlx::core::Error::store_if_valid(const mlx::core::Error*)':
~/v0.7.31-src/.work/mlx/mlx/error.h:28:37: warning: 'std::shared_ptr<_Tp> std::atomic_load(const shared_ptr<_Tp>*) [with _Tp = __cxx11::basic_string<char>]' is deprecated: use 'std::atomic<std::shared_ptr<T>>' instead [-Wdeprecated-declarations]
   28 |       Message msg = std::atomic_load(&ptr->message_);
      |                     ~~~~~~~~~~~~~~~~^~~~~~~~~~~~~~~~
/usr/include/c++/16.1.1/bits/shared_ptr_atomic.h:142:5: note: declared here
  142 |     atomic_load(const shared_ptr<_Tp>* __p)
      |     ^~~~~~~~~~~
~/v0.7.31-src/.work/mlx/mlx/error.h: In member function 'void mlx::core::Error::check()':
~/v0.7.31-src/.work/mlx/mlx/error.h:39:36: warning: 'std::shared_ptr<_Tp> std::atomic_exchange(shared_ptr<_Tp>*, shared_ptr<_Tp>) [with _Tp = __cxx11::basic_string<char>]' is deprecated: use 'std::atomic<std::shared_ptr<T>>' instead [-Wdeprecated-declarations]
   39 |     auto msg = std::atomic_exchange(&message_, {});
      |                ~~~~~~~~~~~~~~~~~~~~^~~~~~~~~~~~~~~
/usr/include/c++/16.1.1/bits/shared_ptr_atomic.h:225:5: note: declared here
  225 |     atomic_exchange(shared_ptr<_Tp>* __p, shared_ptr<_Tp> __r)
      |     ^~~~~~~~~~~~~~~
[ 91%] Building CXX object CMakeFiles/mlx.dir/mlx/device.cpp.o
[ 91%] Building CXX object CMakeFiles/mlx.dir/mlx/dtype.cpp.o
[ 91%] Building CXX object CMakeFiles/mlx.dir/mlx/dtype_utils.cpp.o
In file included from ~/v0.7.31-src/.work/mlx/mlx/event.h:8,
                 from ~/v0.7.31-src/.work/mlx/mlx/array.h:14,
                 from ~/v0.7.31-src/.work/mlx/mlx/utils.h:14,
                 from ~/v0.7.31-src/.work/mlx/mlx/dtype_utils.h:8,
                 from ~/v0.7.31-src/.work/mlx/mlx/dtype_utils.cpp:3:
~/v0.7.31-src/.work/mlx/mlx/error.h: In member function 'void mlx::core::Error::set_message(Message)':
~/v0.7.31-src/.work/mlx/mlx/error.h:17:22: warning: 'void std::atomic_store(shared_ptr<_Tp>*, shared_ptr<_Tp>) [with _Tp = __cxx11::basic_string<char>]' is deprecated: use 'std::atomic<std::shared_ptr<T>>' instead [-Wdeprecated-declarations]
   17 |     std::atomic_store(&message_, std::move(msg));
      |     ~~~~~~~~~~~~~~~~~^~~~~~~~~~~~~~~~~~~~~~~~~~~
In file included from /usr/include/c++/16.1.1/memory:83,
                 from ~/v0.7.31-src/.work/mlx/mlx/array.h:7:
/usr/include/c++/16.1.1/bits/shared_ptr_atomic.h:183:5: note: declared here
  183 |     atomic_store(shared_ptr<_Tp>* __p, shared_ptr<_Tp> __r)
      |     ^~~~~~~~~~~~
~/v0.7.31-src/.work/mlx/mlx/error.h: In member function 'bool mlx::core::Error::valid() const':
~/v0.7.31-src/.work/mlx/mlx/error.h:21:32: warning: 'std::shared_ptr<_Tp> std::atomic_load(const shared_ptr<_Tp>*) [with _Tp = __cxx11::basic_string<char>]' is deprecated: use 'std::atomic<std::shared_ptr<T>>' instead [-Wdeprecated-declarations]
   21 |     auto msg = std::atomic_load(&message_);
      |                ~~~~~~~~~~~~~~~~^~~~~~~~~~~
/usr/include/c++/16.1.1/bits/shared_ptr_atomic.h:142:5: note: declared here
  142 |     atomic_load(const shared_ptr<_Tp>* __p)
      |     ^~~~~~~~~~~
~/v0.7.31-src/.work/mlx/mlx/error.h: In member function 'bool mlx::core::Error::store_if_valid(const mlx::core::Error*)':
~/v0.7.31-src/.work/mlx/mlx/error.h:28:37: warning: 'std::shared_ptr<_Tp> std::atomic_load(const shared_ptr<_Tp>*) [with _Tp = __cxx11::basic_string<char>]' is deprecated: use 'std::atomic<std::shared_ptr<T>>' instead [-Wdeprecated-declarations]
   28 |       Message msg = std::atomic_load(&ptr->message_);
      |                     ~~~~~~~~~~~~~~~~^~~~~~~~~~~~~~~~
/usr/include/c++/16.1.1/bits/shared_ptr_atomic.h:142:5: note: declared here
  142 |     atomic_load(const shared_ptr<_Tp>* __p)
      |     ^~~~~~~~~~~
~/v0.7.31-src/.work/mlx/mlx/error.h: In member function 'void mlx::core::Error::check()':
~/v0.7.31-src/.work/mlx/mlx/error.h:39:36: warning: 'std::shared_ptr<_Tp> std::atomic_exchange(shared_ptr<_Tp>*, shared_ptr<_Tp>) [with _Tp = __cxx11::basic_string<char>]' is deprecated: use 'std::atomic<std::shared_ptr<T>>' instead [-Wdeprecated-declarations]
   39 |     auto msg = std::atomic_exchange(&message_, {});
      |                ~~~~~~~~~~~~~~~~~~~~^~~~~~~~~~~~~~~
/usr/include/c++/16.1.1/bits/shared_ptr_atomic.h:225:5: note: declared here
  225 |     atomic_exchange(shared_ptr<_Tp>* __p, shared_ptr<_Tp> __r)
      |     ^~~~~~~~~~~~~~~
[ 91%] Building CXX object CMakeFiles/mlx.dir/mlx/export.cpp.o
In file included from ~/v0.7.31-src/.work/mlx/mlx/event.h:8,
                 from ~/v0.7.31-src/.work/mlx/mlx/array.h:14,
                 from ~/v0.7.31-src/.work/mlx/mlx/export.h:10,
                 from ~/v0.7.31-src/.work/mlx/mlx/export.cpp:2:
~/v0.7.31-src/.work/mlx/mlx/error.h: In member function 'void mlx::core::Error::set_message(Message)':
~/v0.7.31-src/.work/mlx/mlx/error.h:17:22: warning: 'void std::atomic_store(shared_ptr<_Tp>*, shared_ptr<_Tp>) [with _Tp = __cxx11::basic_string<char>]' is deprecated: use 'std::atomic<std::shared_ptr<T>>' instead [-Wdeprecated-declarations]
   17 |     std::atomic_store(&message_, std::move(msg));
      |     ~~~~~~~~~~~~~~~~~^~~~~~~~~~~~~~~~~~~~~~~~~~~
In file included from /usr/include/c++/16.1.1/memory:83,
                 from ~/v0.7.31-src/.work/mlx/mlx/array.h:7:
/usr/include/c++/16.1.1/bits/shared_ptr_atomic.h:183:5: note: declared here
  183 |     atomic_store(shared_ptr<_Tp>* __p, shared_ptr<_Tp> __r)
      |     ^~~~~~~~~~~~
~/v0.7.31-src/.work/mlx/mlx/error.h: In member function 'bool mlx::core::Error::valid() const':
~/v0.7.31-src/.work/mlx/mlx/error.h:21:32: warning: 'std::shared_ptr<_Tp> std::atomic_load(const shared_ptr<_Tp>*) [with _Tp = __cxx11::basic_string<char>]' is deprecated: use 'std::atomic<std::shared_ptr<T>>' instead [-Wdeprecated-declarations]
   21 |     auto msg = std::atomic_load(&message_);
      |                ~~~~~~~~~~~~~~~~^~~~~~~~~~~
/usr/include/c++/16.1.1/bits/shared_ptr_atomic.h:142:5: note: declared here
  142 |     atomic_load(const shared_ptr<_Tp>* __p)
      |     ^~~~~~~~~~~
~/v0.7.31-src/.work/mlx/mlx/error.h: In member function 'bool mlx::core::Error::store_if_valid(const mlx::core::Error*)':
~/v0.7.31-src/.work/mlx/mlx/error.h:28:37: warning: 'std::shared_ptr<_Tp> std::atomic_load(const shared_ptr<_Tp>*) [with _Tp = __cxx11::basic_string<char>]' is deprecated: use 'std::atomic<std::shared_ptr<T>>' instead [-Wdeprecated-declarations]
   28 |       Message msg = std::atomic_load(&ptr->message_);
      |                     ~~~~~~~~~~~~~~~~^~~~~~~~~~~~~~~~
/usr/include/c++/16.1.1/bits/shared_ptr_atomic.h:142:5: note: declared here
  142 |     atomic_load(const shared_ptr<_Tp>* __p)
      |     ^~~~~~~~~~~
~/v0.7.31-src/.work/mlx/mlx/error.h: In member function 'void mlx::core::Error::check()':
~/v0.7.31-src/.work/mlx/mlx/error.h:39:36: warning: 'std::shared_ptr<_Tp> std::atomic_exchange(shared_ptr<_Tp>*, shared_ptr<_Tp>) [with _Tp = __cxx11::basic_string<char>]' is deprecated: use 'std::atomic<std::shared_ptr<T>>' instead [-Wdeprecated-declarations]
   39 |     auto msg = std::atomic_exchange(&message_, {});
      |                ~~~~~~~~~~~~~~~~~~~~^~~~~~~~~~~~~~~
/usr/include/c++/16.1.1/bits/shared_ptr_atomic.h:225:5: note: declared here
  225 |     atomic_exchange(shared_ptr<_Tp>* __p, shared_ptr<_Tp> __r)
      |     ^~~~~~~~~~~~~~~
[ 91%] Building CXX object CMakeFiles/mlx.dir/mlx/einsum.cpp.o
In file included from ~/v0.7.31-src/.work/mlx/mlx/event.h:8,
                 from ~/v0.7.31-src/.work/mlx/mlx/array.h:14,
                 from ~/v0.7.31-src/.work/mlx/mlx/einsum.h:9,
                 from ~/v0.7.31-src/.work/mlx/mlx/einsum.cpp:7:
~/v0.7.31-src/.work/mlx/mlx/error.h: In member function 'void mlx::core::Error::set_message(Message)':
~/v0.7.31-src/.work/mlx/mlx/error.h:17:22: warning: 'void std::atomic_store(shared_ptr<_Tp>*, shared_ptr<_Tp>) [with _Tp = __cxx11::basic_string<char>]' is deprecated: use 'std::atomic<std::shared_ptr<T>>' instead [-Wdeprecated-declarations]
   17 |     std::atomic_store(&message_, std::move(msg));
      |     ~~~~~~~~~~~~~~~~~^~~~~~~~~~~~~~~~~~~~~~~~~~~
In file included from /usr/include/c++/16.1.1/memory:83,
                 from ~/v0.7.31-src/.work/mlx/mlx/array.h:7:
/usr/include/c++/16.1.1/bits/shared_ptr_atomic.h:183:5: note: declared here
  183 |     atomic_store(shared_ptr<_Tp>* __p, shared_ptr<_Tp> __r)
      |     ^~~~~~~~~~~~
~/v0.7.31-src/.work/mlx/mlx/error.h: In member function 'bool mlx::core::Error::valid() const':
~/v0.7.31-src/.work/mlx/mlx/error.h:21:32: warning: 'std::shared_ptr<_Tp> std::atomic_load(const shared_ptr<_Tp>*) [with _Tp = __cxx11::basic_string<char>]' is deprecated: use 'std::atomic<std::shared_ptr<T>>' instead [-Wdeprecated-declarations]
   21 |     auto msg = std::atomic_load(&message_);
      |                ~~~~~~~~~~~~~~~~^~~~~~~~~~~
/usr/include/c++/16.1.1/bits/shared_ptr_atomic.h:142:5: note: declared here
  142 |     atomic_load(const shared_ptr<_Tp>* __p)
      |     ^~~~~~~~~~~
~/v0.7.31-src/.work/mlx/mlx/error.h: In member function 'bool mlx::core::Error::store_if_valid(const mlx::core::Error*)':
~/v0.7.31-src/.work/mlx/mlx/error.h:28:37: warning: 'std::shared_ptr<_Tp> std::atomic_load(const shared_ptr<_Tp>*) [with _Tp = __cxx11::basic_string<char>]' is deprecated: use 'std::atomic<std::shared_ptr<T>>' instead [-Wdeprecated-declarations]
   28 |       Message msg = std::atomic_load(&ptr->message_);
      |                     ~~~~~~~~~~~~~~~~^~~~~~~~~~~~~~~~
/usr/include/c++/16.1.1/bits/shared_ptr_atomic.h:142:5: note: declared here
  142 |     atomic_load(const shared_ptr<_Tp>* __p)
      |     ^~~~~~~~~~~
~/v0.7.31-src/.work/mlx/mlx/error.h: In member function 'void mlx::core::Error::check()':
~/v0.7.31-src/.work/mlx/mlx/error.h:39:36: warning: 'std::shared_ptr<_Tp> std::atomic_exchange(shared_ptr<_Tp>*, shared_ptr<_Tp>) [with _Tp = __cxx11::basic_string<char>]' is deprecated: use 'std::atomic<std::shared_ptr<T>>' instead [-Wdeprecated-declarations]
   39 |     auto msg = std::atomic_exchange(&message_, {});
      |                ~~~~~~~~~~~~~~~~~~~~^~~~~~~~~~~~~~~
/usr/include/c++/16.1.1/bits/shared_ptr_atomic.h:225:5: note: declared here
  225 |     atomic_exchange(shared_ptr<_Tp>* __p, shared_ptr<_Tp> __r)
      |     ^~~~~~~~~~~~~~~
[ 91%] Building CXX object CMakeFiles/mlx.dir/mlx/fast.cpp.o
In file included from ~/v0.7.31-src/.work/mlx/mlx/event.h:8,
                 from ~/v0.7.31-src/.work/mlx/mlx/array.h:14,
                 from ~/v0.7.31-src/.work/mlx/mlx/utils.h:14,
                 from ~/v0.7.31-src/.work/mlx/mlx/fast.h:10,
                 from ~/v0.7.31-src/.work/mlx/mlx/fast.cpp:5:
~/v0.7.31-src/.work/mlx/mlx/error.h: In member function 'void mlx::core::Error::set_message(Message)':
~/v0.7.31-src/.work/mlx/mlx/error.h:17:22: warning: 'void std::atomic_store(shared_ptr<_Tp>*, shared_ptr<_Tp>) [with _Tp = __cxx11::basic_string<char>]' is deprecated: use 'std::atomic<std::shared_ptr<T>>' instead [-Wdeprecated-declarations]
   17 |     std::atomic_store(&message_, std::move(msg));
      |     ~~~~~~~~~~~~~~~~~^~~~~~~~~~~~~~~~~~~~~~~~~~~
In file included from /usr/include/c++/16.1.1/memory:83,
                 from ~/v0.7.31-src/.work/mlx/mlx/array.h:7:
/usr/include/c++/16.1.1/bits/shared_ptr_atomic.h:183:5: note: declared here
  183 |     atomic_store(shared_ptr<_Tp>* __p, shared_ptr<_Tp> __r)
      |     ^~~~~~~~~~~~
~/v0.7.31-src/.work/mlx/mlx/error.h: In member function 'bool mlx::core::Error::valid() const':
~/v0.7.31-src/.work/mlx/mlx/error.h:21:32: warning: 'std::shared_ptr<_Tp> std::atomic_load(const shared_ptr<_Tp>*) [with _Tp = __cxx11::basic_string<char>]' is deprecated: use 'std::atomic<std::shared_ptr<T>>' instead [-Wdeprecated-declarations]
   21 |     auto msg = std::atomic_load(&message_);
      |                ~~~~~~~~~~~~~~~~^~~~~~~~~~~
/usr/include/c++/16.1.1/bits/shared_ptr_atomic.h:142:5: note: declared here
  142 |     atomic_load(const shared_ptr<_Tp>* __p)
      |     ^~~~~~~~~~~
~/v0.7.31-src/.work/mlx/mlx/error.h: In member function 'bool mlx::core::Error::store_if_valid(const mlx::core::Error*)':
~/v0.7.31-src/.work/mlx/mlx/error.h:28:37: warning: 'std::shared_ptr<_Tp> std::atomic_load(const shared_ptr<_Tp>*) [with _Tp = __cxx11::basic_string<char>]' is deprecated: use 'std::atomic<std::shared_ptr<T>>' instead [-Wdeprecated-declarations]
   28 |       Message msg = std::atomic_load(&ptr->message_);
      |                     ~~~~~~~~~~~~~~~~^~~~~~~~~~~~~~~~
/usr/include/c++/16.1.1/bits/shared_ptr_atomic.h:142:5: note: declared here
  142 |     atomic_load(const shared_ptr<_Tp>* __p)
      |     ^~~~~~~~~~~
~/v0.7.31-src/.work/mlx/mlx/error.h: In member function 'void mlx::core::Error::check()':
~/v0.7.31-src/.work/mlx/mlx/error.h:39:36: warning: 'std::shared_ptr<_Tp> std::atomic_exchange(shared_ptr<_Tp>*, shared_ptr<_Tp>) [with _Tp = __cxx11::basic_string<char>]' is deprecated: use 'std::atomic<std::shared_ptr<T>>' instead [-Wdeprecated-declarations]
   39 |     auto msg = std::atomic_exchange(&message_, {});
      |                ~~~~~~~~~~~~~~~~~~~~^~~~~~~~~~~~~~~
/usr/include/c++/16.1.1/bits/shared_ptr_atomic.h:225:5: note: declared here
  225 |     atomic_exchange(shared_ptr<_Tp>* __p, shared_ptr<_Tp> __r)
      |     ^~~~~~~~~~~~~~~
[ 91%] Building CXX object CMakeFiles/mlx.dir/mlx/fft.cpp.o
In file included from ~/v0.7.31-src/.work/mlx/mlx/event.h:8,
                 from ~/v0.7.31-src/.work/mlx/mlx/array.h:14,
                 from ~/v0.7.31-src/.work/mlx/mlx/fft.h:8,
                 from ~/v0.7.31-src/.work/mlx/mlx/fft.cpp:7:
~/v0.7.31-src/.work/mlx/mlx/error.h: In member function 'void mlx::core::Error::set_message(Message)':
~/v0.7.31-src/.work/mlx/mlx/error.h:17:22: warning: 'void std::atomic_store(shared_ptr<_Tp>*, shared_ptr<_Tp>) [with _Tp = __cxx11::basic_string<char>]' is deprecated: use 'std::atomic<std::shared_ptr<T>>' instead [-Wdeprecated-declarations]
   17 |     std::atomic_store(&message_, std::move(msg));
      |     ~~~~~~~~~~~~~~~~~^~~~~~~~~~~~~~~~~~~~~~~~~~~
In file included from /usr/include/c++/16.1.1/memory:83,
                 from ~/v0.7.31-src/.work/mlx/mlx/array.h:7:
/usr/include/c++/16.1.1/bits/shared_ptr_atomic.h:183:5: note: declared here
  183 |     atomic_store(shared_ptr<_Tp>* __p, shared_ptr<_Tp> __r)
      |     ^~~~~~~~~~~~
~/v0.7.31-src/.work/mlx/mlx/error.h: In member function 'bool mlx::core::Error::valid() const':
~/v0.7.31-src/.work/mlx/mlx/error.h:21:32: warning: 'std::shared_ptr<_Tp> std::atomic_load(const shared_ptr<_Tp>*) [with _Tp = __cxx11::basic_string<char>]' is deprecated: use 'std::atomic<std::shared_ptr<T>>' instead [-Wdeprecated-declarations]
   21 |     auto msg = std::atomic_load(&message_);
      |                ~~~~~~~~~~~~~~~~^~~~~~~~~~~
/usr/include/c++/16.1.1/bits/shared_ptr_atomic.h:142:5: note: declared here
  142 |     atomic_load(const shared_ptr<_Tp>* __p)
      |     ^~~~~~~~~~~
~/v0.7.31-src/.work/mlx/mlx/error.h: In member function 'bool mlx::core::Error::store_if_valid(const mlx::core::Error*)':
~/v0.7.31-src/.work/mlx/mlx/error.h:28:37: warning: 'std::shared_ptr<_Tp> std::atomic_load(const shared_ptr<_Tp>*) [with _Tp = __cxx11::basic_string<char>]' is deprecated: use 'std::atomic<std::shared_ptr<T>>' instead [-Wdeprecated-declarations]
   28 |       Message msg = std::atomic_load(&ptr->message_);
      |                     ~~~~~~~~~~~~~~~~^~~~~~~~~~~~~~~~
/usr/include/c++/16.1.1/bits/shared_ptr_atomic.h:142:5: note: declared here
  142 |     atomic_load(const shared_ptr<_Tp>* __p)
      |     ^~~~~~~~~~~
~/v0.7.31-src/.work/mlx/mlx/error.h: In member function 'void mlx::core::Error::check()':
~/v0.7.31-src/.work/mlx/mlx/error.h:39:36: warning: 'std::shared_ptr<_Tp> std::atomic_exchange(shared_ptr<_Tp>*, shared_ptr<_Tp>) [with _Tp = __cxx11::basic_string<char>]' is deprecated: use 'std::atomic<std::shared_ptr<T>>' instead [-Wdeprecated-declarations]
   39 |     auto msg = std::atomic_exchange(&message_, {});
      |                ~~~~~~~~~~~~~~~~~~~~^~~~~~~~~~~~~~~
/usr/include/c++/16.1.1/bits/shared_ptr_atomic.h:225:5: note: declared here
  225 |     atomic_exchange(shared_ptr<_Tp>* __p, shared_ptr<_Tp> __r)
      |     ^~~~~~~~~~~~~~~
[ 92%] Building CXX object CMakeFiles/mlx.dir/mlx/ops.cpp.o
In file included from ~/v0.7.31-src/.work/mlx/mlx/event.h:8,
                 from ~/v0.7.31-src/.work/mlx/mlx/array.h:14,
                 from ~/v0.7.31-src/.work/mlx/mlx/backend/omarchy/unsupported.h:10,
                 from ~/v0.7.31-src/.work/mlx/mlx/ops.cpp:15:
~/v0.7.31-src/.work/mlx/mlx/error.h: In member function 'void mlx::core::Error::set_message(Message)':
~/v0.7.31-src/.work/mlx/mlx/error.h:17:22: warning: 'void std::atomic_store(shared_ptr<_Tp>*, shared_ptr<_Tp>) [with _Tp = __cxx11::basic_string<char>]' is deprecated: use 'std::atomic<std::shared_ptr<T>>' instead [-Wdeprecated-declarations]
   17 |     std::atomic_store(&message_, std::move(msg));
      |     ~~~~~~~~~~~~~~~~~^~~~~~~~~~~~~~~~~~~~~~~~~~~
In file included from /usr/include/c++/16.1.1/memory:83,
                 from ~/v0.7.31-src/.work/mlx/mlx/array.h:7:
/usr/include/c++/16.1.1/bits/shared_ptr_atomic.h:183:5: note: declared here
  183 |     atomic_store(shared_ptr<_Tp>* __p, shared_ptr<_Tp> __r)
      |     ^~~~~~~~~~~~
~/v0.7.31-src/.work/mlx/mlx/error.h: In member function 'bool mlx::core::Error::valid() const':
~/v0.7.31-src/.work/mlx/mlx/error.h:21:32: warning: 'std::shared_ptr<_Tp> std::atomic_load(const shared_ptr<_Tp>*) [with _Tp = __cxx11::basic_string<char>]' is deprecated: use 'std::atomic<std::shared_ptr<T>>' instead [-Wdeprecated-declarations]
   21 |     auto msg = std::atomic_load(&message_);
      |                ~~~~~~~~~~~~~~~~^~~~~~~~~~~
/usr/include/c++/16.1.1/bits/shared_ptr_atomic.h:142:5: note: declared here
  142 |     atomic_load(const shared_ptr<_Tp>* __p)
      |     ^~~~~~~~~~~
~/v0.7.31-src/.work/mlx/mlx/error.h: In member function 'bool mlx::core::Error::store_if_valid(const mlx::core::Error*)':
~/v0.7.31-src/.work/mlx/mlx/error.h:28:37: warning: 'std::shared_ptr<_Tp> std::atomic_load(const shared_ptr<_Tp>*) [with _Tp = __cxx11::basic_string<char>]' is deprecated: use 'std::atomic<std::shared_ptr<T>>' instead [-Wdeprecated-declarations]
   28 |       Message msg = std::atomic_load(&ptr->message_);
      |                     ~~~~~~~~~~~~~~~~^~~~~~~~~~~~~~~~
/usr/include/c++/16.1.1/bits/shared_ptr_atomic.h:142:5: note: declared here
  142 |     atomic_load(const shared_ptr<_Tp>* __p)
      |     ^~~~~~~~~~~
~/v0.7.31-src/.work/mlx/mlx/error.h: In member function 'void mlx::core::Error::check()':
~/v0.7.31-src/.work/mlx/mlx/error.h:39:36: warning: 'std::shared_ptr<_Tp> std::atomic_exchange(shared_ptr<_Tp>*, shared_ptr<_Tp>) [with _Tp = __cxx11::basic_string<char>]' is deprecated: use 'std::atomic<std::shared_ptr<T>>' instead [-Wdeprecated-declarations]
   39 |     auto msg = std::atomic_exchange(&message_, {});
      |                ~~~~~~~~~~~~~~~~~~~~^~~~~~~~~~~~~~~
/usr/include/c++/16.1.1/bits/shared_ptr_atomic.h:225:5: note: declared here
  225 |     atomic_exchange(shared_ptr<_Tp>* __p, shared_ptr<_Tp> __r)
      |     ^~~~~~~~~~~~~~~
[ 92%] Building CXX object CMakeFiles/mlx.dir/mlx/graph_utils.cpp.o
In file included from ~/v0.7.31-src/.work/mlx/mlx/event.h:8,
                 from ~/v0.7.31-src/.work/mlx/mlx/array.h:14,
                 from ~/v0.7.31-src/.work/mlx/mlx/graph_utils.h:8,
                 from ~/v0.7.31-src/.work/mlx/mlx/graph_utils.cpp:9:
~/v0.7.31-src/.work/mlx/mlx/error.h: In member function 'void mlx::core::Error::set_message(Message)':
~/v0.7.31-src/.work/mlx/mlx/error.h:17:22: warning: 'void std::atomic_store(shared_ptr<_Tp>*, shared_ptr<_Tp>) [with _Tp = __cxx11::basic_string<char>]' is deprecated: use 'std::atomic<std::shared_ptr<T>>' instead [-Wdeprecated-declarations]
   17 |     std::atomic_store(&message_, std::move(msg));
      |     ~~~~~~~~~~~~~~~~~^~~~~~~~~~~~~~~~~~~~~~~~~~~
In file included from /usr/include/c++/16.1.1/memory:83,
                 from ~/v0.7.31-src/.work/mlx/mlx/array.h:7:
/usr/include/c++/16.1.1/bits/shared_ptr_atomic.h:183:5: note: declared here
  183 |     atomic_store(shared_ptr<_Tp>* __p, shared_ptr<_Tp> __r)
      |     ^~~~~~~~~~~~
~/v0.7.31-src/.work/mlx/mlx/error.h: In member function 'bool mlx::core::Error::valid() const':
~/v0.7.31-src/.work/mlx/mlx/error.h:21:32: warning: 'std::shared_ptr<_Tp> std::atomic_load(const shared_ptr<_Tp>*) [with _Tp = __cxx11::basic_string<char>]' is deprecated: use 'std::atomic<std::shared_ptr<T>>' instead [-Wdeprecated-declarations]
   21 |     auto msg = std::atomic_load(&message_);
      |                ~~~~~~~~~~~~~~~~^~~~~~~~~~~
/usr/include/c++/16.1.1/bits/shared_ptr_atomic.h:142:5: note: declared here
  142 |     atomic_load(const shared_ptr<_Tp>* __p)
      |     ^~~~~~~~~~~
~/v0.7.31-src/.work/mlx/mlx/error.h: In member function 'bool mlx::core::Error::store_if_valid(const mlx::core::Error*)':
~/v0.7.31-src/.work/mlx/mlx/error.h:28:37: warning: 'std::shared_ptr<_Tp> std::atomic_load(const shared_ptr<_Tp>*) [with _Tp = __cxx11::basic_string<char>]' is deprecated: use 'std::atomic<std::shared_ptr<T>>' instead [-Wdeprecated-declarations]
   28 |       Message msg = std::atomic_load(&ptr->message_);
      |                     ~~~~~~~~~~~~~~~~^~~~~~~~~~~~~~~~
/usr/include/c++/16.1.1/bits/shared_ptr_atomic.h:142:5: note: declared here
  142 |     atomic_load(const shared_ptr<_Tp>* __p)
      |     ^~~~~~~~~~~
~/v0.7.31-src/.work/mlx/mlx/error.h: In member function 'void mlx::core::Error::check()':
~/v0.7.31-src/.work/mlx/mlx/error.h:39:36: warning: 'std::shared_ptr<_Tp> std::atomic_exchange(shared_ptr<_Tp>*, shared_ptr<_Tp>) [with _Tp = __cxx11::basic_string<char>]' is deprecated: use 'std::atomic<std::shared_ptr<T>>' instead [-Wdeprecated-declarations]
   39 |     auto msg = std::atomic_exchange(&message_, {});
      |                ~~~~~~~~~~~~~~~~~~~~^~~~~~~~~~~~~~~
/usr/include/c++/16.1.1/bits/shared_ptr_atomic.h:225:5: note: declared here
  225 |     atomic_exchange(shared_ptr<_Tp>* __p, shared_ptr<_Tp> __r)
      |     ^~~~~~~~~~~~~~~
[ 92%] Building CXX object CMakeFiles/mlx.dir/mlx/primitives.cpp.o
In file included from ~/v0.7.31-src/.work/mlx/mlx/event.h:8,
                 from ~/v0.7.31-src/.work/mlx/mlx/array.h:14,
                 from ~/v0.7.31-src/.work/mlx/mlx/backend/common/utils.h:9,
                 from ~/v0.7.31-src/.work/mlx/mlx/primitives.cpp:13:
~/v0.7.31-src/.work/mlx/mlx/error.h: In member function 'void mlx::core::Error::set_message(Message)':
~/v0.7.31-src/.work/mlx/mlx/error.h:17:22: warning: 'void std::atomic_store(shared_ptr<_Tp>*, shared_ptr<_Tp>) [with _Tp = __cxx11::basic_string<char>]' is deprecated: use 'std::atomic<std::shared_ptr<T>>' instead [-Wdeprecated-declarations]
   17 |     std::atomic_store(&message_, std::move(msg));
      |     ~~~~~~~~~~~~~~~~~^~~~~~~~~~~~~~~~~~~~~~~~~~~
In file included from /usr/include/c++/16.1.1/memory:83,
                 from ~/v0.7.31-src/.work/mlx/mlx/array.h:7:
/usr/include/c++/16.1.1/bits/shared_ptr_atomic.h:183:5: note: declared here
  183 |     atomic_store(shared_ptr<_Tp>* __p, shared_ptr<_Tp> __r)
      |     ^~~~~~~~~~~~
~/v0.7.31-src/.work/mlx/mlx/error.h: In member function 'bool mlx::core::Error::valid() const':
~/v0.7.31-src/.work/mlx/mlx/error.h:21:32: warning: 'std::shared_ptr<_Tp> std::atomic_load(const shared_ptr<_Tp>*) [with _Tp = __cxx11::basic_string<char>]' is deprecated: use 'std::atomic<std::shared_ptr<T>>' instead [-Wdeprecated-declarations]
   21 |     auto msg = std::atomic_load(&message_);
      |                ~~~~~~~~~~~~~~~~^~~~~~~~~~~
/usr/include/c++/16.1.1/bits/shared_ptr_atomic.h:142:5: note: declared here
  142 |     atomic_load(const shared_ptr<_Tp>* __p)
      |     ^~~~~~~~~~~
~/v0.7.31-src/.work/mlx/mlx/error.h: In member function 'bool mlx::core::Error::store_if_valid(const mlx::core::Error*)':
~/v0.7.31-src/.work/mlx/mlx/error.h:28:37: warning: 'std::shared_ptr<_Tp> std::atomic_load(const shared_ptr<_Tp>*) [with _Tp = __cxx11::basic_string<char>]' is deprecated: use 'std::atomic<std::shared_ptr<T>>' instead [-Wdeprecated-declarations]
   28 |       Message msg = std::atomic_load(&ptr->message_);
      |                     ~~~~~~~~~~~~~~~~^~~~~~~~~~~~~~~~
/usr/include/c++/16.1.1/bits/shared_ptr_atomic.h:142:5: note: declared here
  142 |     atomic_load(const shared_ptr<_Tp>* __p)
      |     ^~~~~~~~~~~
~/v0.7.31-src/.work/mlx/mlx/error.h: In member function 'void mlx::core::Error::check()':
~/v0.7.31-src/.work/mlx/mlx/error.h:39:36: warning: 'std::shared_ptr<_Tp> std::atomic_exchange(shared_ptr<_Tp>*, shared_ptr<_Tp>) [with _Tp = __cxx11::basic_string<char>]' is deprecated: use 'std::atomic<std::shared_ptr<T>>' instead [-Wdeprecated-declarations]
   39 |     auto msg = std::atomic_exchange(&message_, {});
      |                ~~~~~~~~~~~~~~~~~~~~^~~~~~~~~~~~~~~
/usr/include/c++/16.1.1/bits/shared_ptr_atomic.h:225:5: note: declared here
  225 |     atomic_exchange(shared_ptr<_Tp>* __p, shared_ptr<_Tp> __r)
      |     ^~~~~~~~~~~~~~~
[ 92%] Building CXX object CMakeFiles/mlx.dir/mlx/random.cpp.o
In file included from ~/v0.7.31-src/.work/mlx/mlx/event.h:8,
                 from ~/v0.7.31-src/.work/mlx/mlx/array.h:14,
                 from ~/v0.7.31-src/.work/mlx/mlx/linalg.h:8,
                 from ~/v0.7.31-src/.work/mlx/mlx/random.cpp:7:
~/v0.7.31-src/.work/mlx/mlx/error.h: In member function 'void mlx::core::Error::set_message(Message)':
~/v0.7.31-src/.work/mlx/mlx/error.h:17:22: warning: 'void std::atomic_store(shared_ptr<_Tp>*, shared_ptr<_Tp>) [with _Tp = __cxx11::basic_string<char>]' is deprecated: use 'std::atomic<std::shared_ptr<T>>' instead [-Wdeprecated-declarations]
   17 |     std::atomic_store(&message_, std::move(msg));
      |     ~~~~~~~~~~~~~~~~~^~~~~~~~~~~~~~~~~~~~~~~~~~~
In file included from /usr/include/c++/16.1.1/memory:83,
                 from ~/v0.7.31-src/.work/mlx/mlx/array.h:7:
/usr/include/c++/16.1.1/bits/shared_ptr_atomic.h:183:5: note: declared here
  183 |     atomic_store(shared_ptr<_Tp>* __p, shared_ptr<_Tp> __r)
      |     ^~~~~~~~~~~~
~/v0.7.31-src/.work/mlx/mlx/error.h: In member function 'bool mlx::core::Error::valid() const':
~/v0.7.31-src/.work/mlx/mlx/error.h:21:32: warning: 'std::shared_ptr<_Tp> std::atomic_load(const shared_ptr<_Tp>*) [with _Tp = __cxx11::basic_string<char>]' is deprecated: use 'std::atomic<std::shared_ptr<T>>' instead [-Wdeprecated-declarations]
   21 |     auto msg = std::atomic_load(&message_);
      |                ~~~~~~~~~~~~~~~~^~~~~~~~~~~
/usr/include/c++/16.1.1/bits/shared_ptr_atomic.h:142:5: note: declared here
  142 |     atomic_load(const shared_ptr<_Tp>* __p)
      |     ^~~~~~~~~~~
~/v0.7.31-src/.work/mlx/mlx/error.h: In member function 'bool mlx::core::Error::store_if_valid(const mlx::core::Error*)':
~/v0.7.31-src/.work/mlx/mlx/error.h:28:37: warning: 'std::shared_ptr<_Tp> std::atomic_load(const shared_ptr<_Tp>*) [with _Tp = __cxx11::basic_string<char>]' is deprecated: use 'std::atomic<std::shared_ptr<T>>' instead [-Wdeprecated-declarations]
   28 |       Message msg = std::atomic_load(&ptr->message_);
      |                     ~~~~~~~~~~~~~~~~^~~~~~~~~~~~~~~~
/usr/include/c++/16.1.1/bits/shared_ptr_atomic.h:142:5: note: declared here
  142 |     atomic_load(const shared_ptr<_Tp>* __p)
      |     ^~~~~~~~~~~
~/v0.7.31-src/.work/mlx/mlx/error.h: In member function 'void mlx::core::Error::check()':
~/v0.7.31-src/.work/mlx/mlx/error.h:39:36: warning: 'std::shared_ptr<_Tp> std::atomic_exchange(shared_ptr<_Tp>*, shared_ptr<_Tp>) [with _Tp = __cxx11::basic_string<char>]' is deprecated: use 'std::atomic<std::shared_ptr<T>>' instead [-Wdeprecated-declarations]
   39 |     auto msg = std::atomic_exchange(&message_, {});
      |                ~~~~~~~~~~~~~~~~~~~~^~~~~~~~~~~~~~~
/usr/include/c++/16.1.1/bits/shared_ptr_atomic.h:225:5: note: declared here
  225 |     atomic_exchange(shared_ptr<_Tp>* __p, shared_ptr<_Tp> __r)
      |     ^~~~~~~~~~~~~~~
[ 92%] Building CXX object CMakeFiles/mlx.dir/mlx/scheduler.cpp.o
In file included from ~/v0.7.31-src/.work/mlx/mlx/event.h:8,
                 from ~/v0.7.31-src/.work/mlx/mlx/array.h:14,
                 from ~/v0.7.31-src/.work/mlx/mlx/backend/cpu/eval.h:5,
                 from ~/v0.7.31-src/.work/mlx/mlx/scheduler.cpp:6:
~/v0.7.31-src/.work/mlx/mlx/error.h: In member function 'void mlx::core::Error::set_message(Message)':
~/v0.7.31-src/.work/mlx/mlx/error.h:17:22: warning: 'void std::atomic_store(shared_ptr<_Tp>*, shared_ptr<_Tp>) [with _Tp = __cxx11::basic_string<char>]' is deprecated: use 'std::atomic<std::shared_ptr<T>>' instead [-Wdeprecated-declarations]
   17 |     std::atomic_store(&message_, std::move(msg));
      |     ~~~~~~~~~~~~~~~~~^~~~~~~~~~~~~~~~~~~~~~~~~~~
In file included from /usr/include/c++/16.1.1/memory:83,
                 from ~/v0.7.31-src/.work/mlx/mlx/array.h:7:
/usr/include/c++/16.1.1/bits/shared_ptr_atomic.h:183:5: note: declared here
  183 |     atomic_store(shared_ptr<_Tp>* __p, shared_ptr<_Tp> __r)
      |     ^~~~~~~~~~~~
~/v0.7.31-src/.work/mlx/mlx/error.h: In member function 'bool mlx::core::Error::valid() const':
~/v0.7.31-src/.work/mlx/mlx/error.h:21:32: warning: 'std::shared_ptr<_Tp> std::atomic_load(const shared_ptr<_Tp>*) [with _Tp = __cxx11::basic_string<char>]' is deprecated: use 'std::atomic<std::shared_ptr<T>>' instead [-Wdeprecated-declarations]
   21 |     auto msg = std::atomic_load(&message_);
      |                ~~~~~~~~~~~~~~~~^~~~~~~~~~~
/usr/include/c++/16.1.1/bits/shared_ptr_atomic.h:142:5: note: declared here
  142 |     atomic_load(const shared_ptr<_Tp>* __p)
      |     ^~~~~~~~~~~
~/v0.7.31-src/.work/mlx/mlx/error.h: In member function 'bool mlx::core::Error::store_if_valid(const mlx::core::Error*)':
~/v0.7.31-src/.work/mlx/mlx/error.h:28:37: warning: 'std::shared_ptr<_Tp> std::atomic_load(const shared_ptr<_Tp>*) [with _Tp = __cxx11::basic_string<char>]' is deprecated: use 'std::atomic<std::shared_ptr<T>>' instead [-Wdeprecated-declarations]
   28 |       Message msg = std::atomic_load(&ptr->message_);
      |                     ~~~~~~~~~~~~~~~~^~~~~~~~~~~~~~~~
/usr/include/c++/16.1.1/bits/shared_ptr_atomic.h:142:5: note: declared here
  142 |     atomic_load(const shared_ptr<_Tp>* __p)
      |     ^~~~~~~~~~~
~/v0.7.31-src/.work/mlx/mlx/error.h: In member function 'void mlx::core::Error::check()':
~/v0.7.31-src/.work/mlx/mlx/error.h:39:36: warning: 'std::shared_ptr<_Tp> std::atomic_exchange(shared_ptr<_Tp>*, shared_ptr<_Tp>) [with _Tp = __cxx11::basic_string<char>]' is deprecated: use 'std::atomic<std::shared_ptr<T>>' instead [-Wdeprecated-declarations]
   39 |     auto msg = std::atomic_exchange(&message_, {});
      |                ~~~~~~~~~~~~~~~~~~~~^~~~~~~~~~~~~~~
/usr/include/c++/16.1.1/bits/shared_ptr_atomic.h:225:5: note: declared here
  225 |     atomic_exchange(shared_ptr<_Tp>* __p, shared_ptr<_Tp> __r)
      |     ^~~~~~~~~~~~~~~
[ 92%] Building CXX object CMakeFiles/mlx.dir/mlx/stream.cpp.o
In file included from ~/v0.7.31-src/.work/mlx/mlx/event.h:8,
                 from ~/v0.7.31-src/.work/mlx/mlx/array.h:14,
                 from ~/v0.7.31-src/.work/mlx/mlx/backend/cpu/eval.h:5,
                 from ~/v0.7.31-src/.work/mlx/mlx/stream.cpp:5:
~/v0.7.31-src/.work/mlx/mlx/error.h: In member function 'void mlx::core::Error::set_message(Message)':
~/v0.7.31-src/.work/mlx/mlx/error.h:17:22: warning: 'void std::atomic_store(shared_ptr<_Tp>*, shared_ptr<_Tp>) [with _Tp = __cxx11::basic_string<char>]' is deprecated: use 'std::atomic<std::shared_ptr<T>>' instead [-Wdeprecated-declarations]
   17 |     std::atomic_store(&message_, std::move(msg));
      |     ~~~~~~~~~~~~~~~~~^~~~~~~~~~~~~~~~~~~~~~~~~~~
In file included from /usr/include/c++/16.1.1/memory:83,
                 from ~/v0.7.31-src/.work/mlx/mlx/array.h:7:
/usr/include/c++/16.1.1/bits/shared_ptr_atomic.h:183:5: note: declared here
  183 |     atomic_store(shared_ptr<_Tp>* __p, shared_ptr<_Tp> __r)
      |     ^~~~~~~~~~~~
~/v0.7.31-src/.work/mlx/mlx/error.h: In member function 'bool mlx::core::Error::valid() const':
~/v0.7.31-src/.work/mlx/mlx/error.h:21:32: warning: 'std::shared_ptr<_Tp> std::atomic_load(const shared_ptr<_Tp>*) [with _Tp = __cxx11::basic_string<char>]' is deprecated: use 'std::atomic<std::shared_ptr<T>>' instead [-Wdeprecated-declarations]
   21 |     auto msg = std::atomic_load(&message_);
      |                ~~~~~~~~~~~~~~~~^~~~~~~~~~~
/usr/include/c++/16.1.1/bits/shared_ptr_atomic.h:142:5: note: declared here
  142 |     atomic_load(const shared_ptr<_Tp>* __p)
      |     ^~~~~~~~~~~
~/v0.7.31-src/.work/mlx/mlx/error.h: In member function 'bool mlx::core::Error::store_if_valid(const mlx::core::Error*)':
~/v0.7.31-src/.work/mlx/mlx/error.h:28:37: warning: 'std::shared_ptr<_Tp> std::atomic_load(const shared_ptr<_Tp>*) [with _Tp = __cxx11::basic_string<char>]' is deprecated: use 'std::atomic<std::shared_ptr<T>>' instead [-Wdeprecated-declarations]
   28 |       Message msg = std::atomic_load(&ptr->message_);
      |                     ~~~~~~~~~~~~~~~~^~~~~~~~~~~~~~~~
/usr/include/c++/16.1.1/bits/shared_ptr_atomic.h:142:5: note: declared here
  142 |     atomic_load(const shared_ptr<_Tp>* __p)
      |     ^~~~~~~~~~~
~/v0.7.31-src/.work/mlx/mlx/error.h: In member function 'void mlx::core::Error::check()':
~/v0.7.31-src/.work/mlx/mlx/error.h:39:36: warning: 'std::shared_ptr<_Tp> std::atomic_exchange(shared_ptr<_Tp>*, shared_ptr<_Tp>) [with _Tp = __cxx11::basic_string<char>]' is deprecated: use 'std::atomic<std::shared_ptr<T>>' instead [-Wdeprecated-declarations]
   39 |     auto msg = std::atomic_exchange(&message_, {});
      |                ~~~~~~~~~~~~~~~~~~~~^~~~~~~~~~~~~~~
/usr/include/c++/16.1.1/bits/shared_ptr_atomic.h:225:5: note: declared here
  225 |     atomic_exchange(shared_ptr<_Tp>* __p, shared_ptr<_Tp> __r)
      |     ^~~~~~~~~~~~~~~
[ 92%] Building CXX object CMakeFiles/mlx.dir/mlx/transforms.cpp.o
In file included from ~/v0.7.31-src/.work/mlx/mlx/event.h:8,
                 from ~/v0.7.31-src/.work/mlx/mlx/array.h:14,
                 from ~/v0.7.31-src/.work/mlx/mlx/backend/cpu/eval.h:5,
                 from ~/v0.7.31-src/.work/mlx/mlx/transforms.cpp:12:
~/v0.7.31-src/.work/mlx/mlx/error.h: In member function 'void mlx::core::Error::set_message(Message)':
~/v0.7.31-src/.work/mlx/mlx/error.h:17:22: warning: 'void std::atomic_store(shared_ptr<_Tp>*, shared_ptr<_Tp>) [with _Tp = __cxx11::basic_string<char>]' is deprecated: use 'std::atomic<std::shared_ptr<T>>' instead [-Wdeprecated-declarations]
   17 |     std::atomic_store(&message_, std::move(msg));
      |     ~~~~~~~~~~~~~~~~~^~~~~~~~~~~~~~~~~~~~~~~~~~~
In file included from /usr/include/c++/16.1.1/memory:83,
                 from ~/v0.7.31-src/.work/mlx/mlx/array.h:7:
/usr/include/c++/16.1.1/bits/shared_ptr_atomic.h:183:5: note: declared here
  183 |     atomic_store(shared_ptr<_Tp>* __p, shared_ptr<_Tp> __r)
      |     ^~~~~~~~~~~~
~/v0.7.31-src/.work/mlx/mlx/error.h: In member function 'bool mlx::core::Error::valid() const':
~/v0.7.31-src/.work/mlx/mlx/error.h:21:32: warning: 'std::shared_ptr<_Tp> std::atomic_load(const shared_ptr<_Tp>*) [with _Tp = __cxx11::basic_string<char>]' is deprecated: use 'std::atomic<std::shared_ptr<T>>' instead [-Wdeprecated-declarations]
   21 |     auto msg = std::atomic_load(&message_);
      |                ~~~~~~~~~~~~~~~~^~~~~~~~~~~
/usr/include/c++/16.1.1/bits/shared_ptr_atomic.h:142:5: note: declared here
  142 |     atomic_load(const shared_ptr<_Tp>* __p)
      |     ^~~~~~~~~~~
~/v0.7.31-src/.work/mlx/mlx/error.h: In member function 'bool mlx::core::Error::store_if_valid(const mlx::core::Error*)':
~/v0.7.31-src/.work/mlx/mlx/error.h:28:37: warning: 'std::shared_ptr<_Tp> std::atomic_load(const shared_ptr<_Tp>*) [with _Tp = __cxx11::basic_string<char>]' is deprecated: use 'std::atomic<std::shared_ptr<T>>' instead [-Wdeprecated-declarations]
   28 |       Message msg = std::atomic_load(&ptr->message_);
      |                     ~~~~~~~~~~~~~~~~^~~~~~~~~~~~~~~~
/usr/include/c++/16.1.1/bits/shared_ptr_atomic.h:142:5: note: declared here
  142 |     atomic_load(const shared_ptr<_Tp>* __p)
      |     ^~~~~~~~~~~
~/v0.7.31-src/.work/mlx/mlx/error.h: In member function 'void mlx::core::Error::check()':
~/v0.7.31-src/.work/mlx/mlx/error.h:39:36: warning: 'std::shared_ptr<_Tp> std::atomic_exchange(shared_ptr<_Tp>*, shared_ptr<_Tp>) [with _Tp = __cxx11::basic_string<char>]' is deprecated: use 'std::atomic<std::shared_ptr<T>>' instead [-Wdeprecated-declarations]
   39 |     auto msg = std::atomic_exchange(&message_, {});
      |                ~~~~~~~~~~~~~~~~~~~~^~~~~~~~~~~~~~~
/usr/include/c++/16.1.1/bits/shared_ptr_atomic.h:225:5: note: declared here
  225 |     atomic_exchange(shared_ptr<_Tp>* __p, shared_ptr<_Tp> __r)
      |     ^~~~~~~~~~~~~~~
[ 92%] Building CXX object CMakeFiles/mlx.dir/mlx/utils.cpp.o
In file included from ~/v0.7.31-src/.work/mlx/mlx/event.h:8,
                 from ~/v0.7.31-src/.work/mlx/mlx/array.h:14,
                 from ~/v0.7.31-src/.work/mlx/mlx/utils.h:14,
                 from ~/v0.7.31-src/.work/mlx/mlx/dtype_utils.h:8,
                 from ~/v0.7.31-src/.work/mlx/mlx/utils.cpp:10:
~/v0.7.31-src/.work/mlx/mlx/error.h: In member function 'void mlx::core::Error::set_message(Message)':
~/v0.7.31-src/.work/mlx/mlx/error.h:17:22: warning: 'void std::atomic_store(shared_ptr<_Tp>*, shared_ptr<_Tp>) [with _Tp = __cxx11::basic_string<char>]' is deprecated: use 'std::atomic<std::shared_ptr<T>>' instead [-Wdeprecated-declarations]
   17 |     std::atomic_store(&message_, std::move(msg));
      |     ~~~~~~~~~~~~~~~~~^~~~~~~~~~~~~~~~~~~~~~~~~~~
In file included from /usr/include/c++/16.1.1/memory:83,
                 from ~/v0.7.31-src/.work/mlx/mlx/array.h:7:
/usr/include/c++/16.1.1/bits/shared_ptr_atomic.h:183:5: note: declared here
  183 |     atomic_store(shared_ptr<_Tp>* __p, shared_ptr<_Tp> __r)
      |     ^~~~~~~~~~~~
~/v0.7.31-src/.work/mlx/mlx/error.h: In member function 'bool mlx::core::Error::valid() const':
~/v0.7.31-src/.work/mlx/mlx/error.h:21:32: warning: 'std::shared_ptr<_Tp> std::atomic_load(const shared_ptr<_Tp>*) [with _Tp = __cxx11::basic_string<char>]' is deprecated: use 'std::atomic<std::shared_ptr<T>>' instead [-Wdeprecated-declarations]
   21 |     auto msg = std::atomic_load(&message_);
      |                ~~~~~~~~~~~~~~~~^~~~~~~~~~~
/usr/include/c++/16.1.1/bits/shared_ptr_atomic.h:142:5: note: declared here
  142 |     atomic_load(const shared_ptr<_Tp>* __p)
      |     ^~~~~~~~~~~
~/v0.7.31-src/.work/mlx/mlx/error.h: In member function 'bool mlx::core::Error::store_if_valid(const mlx::core::Error*)':
~/v0.7.31-src/.work/mlx/mlx/error.h:28:37: warning: 'std::shared_ptr<_Tp> std::atomic_load(const shared_ptr<_Tp>*) [with _Tp = __cxx11::basic_string<char>]' is deprecated: use 'std::atomic<std::shared_ptr<T>>' instead [-Wdeprecated-declarations]
   28 |       Message msg = std::atomic_load(&ptr->message_);
      |                     ~~~~~~~~~~~~~~~~^~~~~~~~~~~~~~~~
/usr/include/c++/16.1.1/bits/shared_ptr_atomic.h:142:5: note: declared here
  142 |     atomic_load(const shared_ptr<_Tp>* __p)
      |     ^~~~~~~~~~~
~/v0.7.31-src/.work/mlx/mlx/error.h: In member function 'void mlx::core::Error::check()':
~/v0.7.31-src/.work/mlx/mlx/error.h:39:36: warning: 'std::shared_ptr<_Tp> std::atomic_exchange(shared_ptr<_Tp>*, shared_ptr<_Tp>) [with _Tp = __cxx11::basic_string<char>]' is deprecated: use 'std::atomic<std::shared_ptr<T>>' instead [-Wdeprecated-declarations]
   39 |     auto msg = std::atomic_exchange(&message_, {});
      |                ~~~~~~~~~~~~~~~~~~~~^~~~~~~~~~~~~~~
/usr/include/c++/16.1.1/bits/shared_ptr_atomic.h:225:5: note: declared here
  225 |     atomic_exchange(shared_ptr<_Tp>* __p, shared_ptr<_Tp> __r)
      |     ^~~~~~~~~~~~~~~
[ 92%] Building CXX object CMakeFiles/mlx.dir/mlx/linalg.cpp.o
In file included from ~/v0.7.31-src/.work/mlx/mlx/event.h:8,
                 from ~/v0.7.31-src/.work/mlx/mlx/array.h:14,
                 from ~/v0.7.31-src/.work/mlx/mlx/linalg.h:8,
                 from ~/v0.7.31-src/.work/mlx/mlx/linalg.cpp:8:
~/v0.7.31-src/.work/mlx/mlx/error.h: In member function 'void mlx::core::Error::set_message(Message)':
~/v0.7.31-src/.work/mlx/mlx/error.h:17:22: warning: 'void std::atomic_store(shared_ptr<_Tp>*, shared_ptr<_Tp>) [with _Tp = __cxx11::basic_string<char>]' is deprecated: use 'std::atomic<std::shared_ptr<T>>' instead [-Wdeprecated-declarations]
   17 |     std::atomic_store(&message_, std::move(msg));
      |     ~~~~~~~~~~~~~~~~~^~~~~~~~~~~~~~~~~~~~~~~~~~~
In file included from /usr/include/c++/16.1.1/memory:83,
                 from ~/v0.7.31-src/.work/mlx/mlx/array.h:7:
/usr/include/c++/16.1.1/bits/shared_ptr_atomic.h:183:5: note: declared here
  183 |     atomic_store(shared_ptr<_Tp>* __p, shared_ptr<_Tp> __r)
      |     ^~~~~~~~~~~~
~/v0.7.31-src/.work/mlx/mlx/error.h: In member function 'bool mlx::core::Error::valid() const':
~/v0.7.31-src/.work/mlx/mlx/error.h:21:32: warning: 'std::shared_ptr<_Tp> std::atomic_load(const shared_ptr<_Tp>*) [with _Tp = __cxx11::basic_string<char>]' is deprecated: use 'std::atomic<std::shared_ptr<T>>' instead [-Wdeprecated-declarations]
   21 |     auto msg = std::atomic_load(&message_);
      |                ~~~~~~~~~~~~~~~~^~~~~~~~~~~
/usr/include/c++/16.1.1/bits/shared_ptr_atomic.h:142:5: note: declared here
  142 |     atomic_load(const shared_ptr<_Tp>* __p)
      |     ^~~~~~~~~~~
~/v0.7.31-src/.work/mlx/mlx/error.h: In member function 'bool mlx::core::Error::store_if_valid(const mlx::core::Error*)':
~/v0.7.31-src/.work/mlx/mlx/error.h:28:37: warning: 'std::shared_ptr<_Tp> std::atomic_load(const shared_ptr<_Tp>*) [with _Tp = __cxx11::basic_string<char>]' is deprecated: use 'std::atomic<std::shared_ptr<T>>' instead [-Wdeprecated-declarations]
   28 |       Message msg = std::atomic_load(&ptr->message_);
      |                     ~~~~~~~~~~~~~~~~^~~~~~~~~~~~~~~~
/usr/include/c++/16.1.1/bits/shared_ptr_atomic.h:142:5: note: declared here
  142 |     atomic_load(const shared_ptr<_Tp>* __p)
      |     ^~~~~~~~~~~
~/v0.7.31-src/.work/mlx/mlx/error.h: In member function 'void mlx::core::Error::check()':
~/v0.7.31-src/.work/mlx/mlx/error.h:39:36: warning: 'std::shared_ptr<_Tp> std::atomic_exchange(shared_ptr<_Tp>*, shared_ptr<_Tp>) [with _Tp = __cxx11::basic_string<char>]' is deprecated: use 'std::atomic<std::shared_ptr<T>>' instead [-Wdeprecated-declarations]
   39 |     auto msg = std::atomic_exchange(&message_, {});
      |                ~~~~~~~~~~~~~~~~~~~~^~~~~~~~~~~~~~~
/usr/include/c++/16.1.1/bits/shared_ptr_atomic.h:225:5: note: declared here
  225 |     atomic_exchange(shared_ptr<_Tp>* __p, shared_ptr<_Tp> __r)
      |     ^~~~~~~~~~~~~~~
[ 92%] Building CXX object CMakeFiles/mlx.dir/mlx/memory.cpp.o
In file included from ~/v0.7.31-src/.work/mlx/mlx/event.h:8,
                 from ~/v0.7.31-src/.work/mlx/mlx/array.h:14,
                 from ~/v0.7.31-src/.work/mlx/mlx/memory.h:9,
                 from ~/v0.7.31-src/.work/mlx/mlx/memory.cpp:6:
~/v0.7.31-src/.work/mlx/mlx/error.h: In member function 'void mlx::core::Error::set_message(Message)':
~/v0.7.31-src/.work/mlx/mlx/error.h:17:22: warning: 'void std::atomic_store(shared_ptr<_Tp>*, shared_ptr<_Tp>) [with _Tp = __cxx11::basic_string<char>]' is deprecated: use 'std::atomic<std::shared_ptr<T>>' instead [-Wdeprecated-declarations]
   17 |     std::atomic_store(&message_, std::move(msg));
      |     ~~~~~~~~~~~~~~~~~^~~~~~~~~~~~~~~~~~~~~~~~~~~
In file included from /usr/include/c++/16.1.1/memory:83,
                 from ~/v0.7.31-src/.work/mlx/mlx/array.h:7:
/usr/include/c++/16.1.1/bits/shared_ptr_atomic.h:183:5: note: declared here
  183 |     atomic_store(shared_ptr<_Tp>* __p, shared_ptr<_Tp> __r)
      |     ^~~~~~~~~~~~
~/v0.7.31-src/.work/mlx/mlx/error.h: In member function 'bool mlx::core::Error::valid() const':
~/v0.7.31-src/.work/mlx/mlx/error.h:21:32: warning: 'std::shared_ptr<_Tp> std::atomic_load(const shared_ptr<_Tp>*) [with _Tp = __cxx11::basic_string<char>]' is deprecated: use 'std::atomic<std::shared_ptr<T>>' instead [-Wdeprecated-declarations]
   21 |     auto msg = std::atomic_load(&message_);
      |                ~~~~~~~~~~~~~~~~^~~~~~~~~~~
/usr/include/c++/16.1.1/bits/shared_ptr_atomic.h:142:5: note: declared here
  142 |     atomic_load(const shared_ptr<_Tp>* __p)
      |     ^~~~~~~~~~~
~/v0.7.31-src/.work/mlx/mlx/error.h: In member function 'bool mlx::core::Error::store_if_valid(const mlx::core::Error*)':
~/v0.7.31-src/.work/mlx/mlx/error.h:28:37: warning: 'std::shared_ptr<_Tp> std::atomic_load(const shared_ptr<_Tp>*) [with _Tp = __cxx11::basic_string<char>]' is deprecated: use 'std::atomic<std::shared_ptr<T>>' instead [-Wdeprecated-declarations]
   28 |       Message msg = std::atomic_load(&ptr->message_);
      |                     ~~~~~~~~~~~~~~~~^~~~~~~~~~~~~~~~
/usr/include/c++/16.1.1/bits/shared_ptr_atomic.h:142:5: note: declared here
  142 |     atomic_load(const shared_ptr<_Tp>* __p)
      |     ^~~~~~~~~~~
~/v0.7.31-src/.work/mlx/mlx/error.h: In member function 'void mlx::core::Error::check()':
~/v0.7.31-src/.work/mlx/mlx/error.h:39:36: warning: 'std::shared_ptr<_Tp> std::atomic_exchange(shared_ptr<_Tp>*, shared_ptr<_Tp>) [with _Tp = __cxx11::basic_string<char>]' is deprecated: use 'std::atomic<std::shared_ptr<T>>' instead [-Wdeprecated-declarations]
   39 |     auto msg = std::atomic_exchange(&message_, {});
      |                ~~~~~~~~~~~~~~~~~~~~^~~~~~~~~~~~~~~
/usr/include/c++/16.1.1/bits/shared_ptr_atomic.h:225:5: note: declared here
  225 |     atomic_exchange(shared_ptr<_Tp>* __p, shared_ptr<_Tp> __r)
      |     ^~~~~~~~~~~~~~~
[ 92%] Building CXX object CMakeFiles/mlx.dir/mlx/backend/common/broadcasting.cpp.o
In file included from ~/v0.7.31-src/.work/mlx/mlx/event.h:8,
                 from ~/v0.7.31-src/.work/mlx/mlx/array.h:14,
                 from ~/v0.7.31-src/.work/mlx/mlx/backend/common/utils.h:9,
                 from ~/v0.7.31-src/.work/mlx/mlx/backend/common/broadcasting.cpp:3:
~/v0.7.31-src/.work/mlx/mlx/error.h: In member function 'void mlx::core::Error::set_message(Message)':
~/v0.7.31-src/.work/mlx/mlx/error.h:17:22: warning: 'void std::atomic_store(shared_ptr<_Tp>*, shared_ptr<_Tp>) [with _Tp = __cxx11::basic_string<char>]' is deprecated: use 'std::atomic<std::shared_ptr<T>>' instead [-Wdeprecated-declarations]
   17 |     std::atomic_store(&message_, std::move(msg));
      |     ~~~~~~~~~~~~~~~~~^~~~~~~~~~~~~~~~~~~~~~~~~~~
In file included from /usr/include/c++/16.1.1/memory:83,
                 from ~/v0.7.31-src/.work/mlx/mlx/array.h:7:
/usr/include/c++/16.1.1/bits/shared_ptr_atomic.h:183:5: note: declared here
  183 |     atomic_store(shared_ptr<_Tp>* __p, shared_ptr<_Tp> __r)
      |     ^~~~~~~~~~~~
~/v0.7.31-src/.work/mlx/mlx/error.h: In member function 'bool mlx::core::Error::valid() const':
~/v0.7.31-src/.work/mlx/mlx/error.h:21:32: warning: 'std::shared_ptr<_Tp> std::atomic_load(const shared_ptr<_Tp>*) [with _Tp = __cxx11::basic_string<char>]' is deprecated: use 'std::atomic<std::shared_ptr<T>>' instead [-Wdeprecated-declarations]
   21 |     auto msg = std::atomic_load(&message_);
      |                ~~~~~~~~~~~~~~~~^~~~~~~~~~~
/usr/include/c++/16.1.1/bits/shared_ptr_atomic.h:142:5: note: declared here
  142 |     atomic_load(const shared_ptr<_Tp>* __p)
      |     ^~~~~~~~~~~
~/v0.7.31-src/.work/mlx/mlx/error.h: In member function 'bool mlx::core::Error::store_if_valid(const mlx::core::Error*)':
~/v0.7.31-src/.work/mlx/mlx/error.h:28:37: warning: 'std::shared_ptr<_Tp> std::atomic_load(const shared_ptr<_Tp>*) [with _Tp = __cxx11::basic_string<char>]' is deprecated: use 'std::atomic<std::shared_ptr<T>>' instead [-Wdeprecated-declarations]
   28 |       Message msg = std::atomic_load(&ptr->message_);
      |                     ~~~~~~~~~~~~~~~~^~~~~~~~~~~~~~~~
/usr/include/c++/16.1.1/bits/shared_ptr_atomic.h:142:5: note: declared here
  142 |     atomic_load(const shared_ptr<_Tp>* __p)
      |     ^~~~~~~~~~~
~/v0.7.31-src/.work/mlx/mlx/error.h: In member function 'void mlx::core::Error::check()':
~/v0.7.31-src/.work/mlx/mlx/error.h:39:36: warning: 'std::shared_ptr<_Tp> std::atomic_exchange(shared_ptr<_Tp>*, shared_ptr<_Tp>) [with _Tp = __cxx11::basic_string<char>]' is deprecated: use 'std::atomic<std::shared_ptr<T>>' instead [-Wdeprecated-declarations]
   39 |     auto msg = std::atomic_exchange(&message_, {});
      |                ~~~~~~~~~~~~~~~~~~~~^~~~~~~~~~~~~~~
/usr/include/c++/16.1.1/bits/shared_ptr_atomic.h:225:5: note: declared here
  225 |     atomic_exchange(shared_ptr<_Tp>* __p, shared_ptr<_Tp> __r)
      |     ^~~~~~~~~~~~~~~
[ 92%] Building CXX object CMakeFiles/mlx.dir/mlx/backend/common/compiled.cpp.o
In file included from ~/v0.7.31-src/.work/mlx/mlx/event.h:8,
                 from ~/v0.7.31-src/.work/mlx/mlx/array.h:14,
                 from ~/v0.7.31-src/.work/mlx/mlx/backend/common/compiled.h:8,
                 from ~/v0.7.31-src/.work/mlx/mlx/backend/common/compiled.cpp:3:
~/v0.7.31-src/.work/mlx/mlx/error.h: In member function 'void mlx::core::Error::set_message(Message)':
~/v0.7.31-src/.work/mlx/mlx/error.h:17:22: warning: 'void std::atomic_store(shared_ptr<_Tp>*, shared_ptr<_Tp>) [with _Tp = __cxx11::basic_string<char>]' is deprecated: use 'std::atomic<std::shared_ptr<T>>' instead [-Wdeprecated-declarations]
   17 |     std::atomic_store(&message_, std::move(msg));
      |     ~~~~~~~~~~~~~~~~~^~~~~~~~~~~~~~~~~~~~~~~~~~~
In file included from /usr/include/c++/16.1.1/memory:83,
                 from ~/v0.7.31-src/.work/mlx/mlx/array.h:7:
/usr/include/c++/16.1.1/bits/shared_ptr_atomic.h:183:5: note: declared here
  183 |     atomic_store(shared_ptr<_Tp>* __p, shared_ptr<_Tp> __r)
      |     ^~~~~~~~~~~~
~/v0.7.31-src/.work/mlx/mlx/error.h: In member function 'bool mlx::core::Error::valid() const':
~/v0.7.31-src/.work/mlx/mlx/error.h:21:32: warning: 'std::shared_ptr<_Tp> std::atomic_load(const shared_ptr<_Tp>*) [with _Tp = __cxx11::basic_string<char>]' is deprecated: use 'std::atomic<std::shared_ptr<T>>' instead [-Wdeprecated-declarations]
   21 |     auto msg = std::atomic_load(&message_);
      |                ~~~~~~~~~~~~~~~~^~~~~~~~~~~
/usr/include/c++/16.1.1/bits/shared_ptr_atomic.h:142:5: note: declared here
  142 |     atomic_load(const shared_ptr<_Tp>* __p)
      |     ^~~~~~~~~~~
~/v0.7.31-src/.work/mlx/mlx/error.h: In member function 'bool mlx::core::Error::store_if_valid(const mlx::core::Error*)':
~/v0.7.31-src/.work/mlx/mlx/error.h:28:37: warning: 'std::shared_ptr<_Tp> std::atomic_load(const shared_ptr<_Tp>*) [with _Tp = __cxx11::basic_string<char>]' is deprecated: use 'std::atomic<std::shared_ptr<T>>' instead [-Wdeprecated-declarations]
   28 |       Message msg = std::atomic_load(&ptr->message_);
      |                     ~~~~~~~~~~~~~~~~^~~~~~~~~~~~~~~~
/usr/include/c++/16.1.1/bits/shared_ptr_atomic.h:142:5: note: declared here
  142 |     atomic_load(const shared_ptr<_Tp>* __p)
      |     ^~~~~~~~~~~
~/v0.7.31-src/.work/mlx/mlx/error.h: In member function 'void mlx::core::Error::check()':
~/v0.7.31-src/.work/mlx/mlx/error.h:39:36: warning: 'std::shared_ptr<_Tp> std::atomic_exchange(shared_ptr<_Tp>*, shared_ptr<_Tp>) [with _Tp = __cxx11::basic_string<char>]' is deprecated: use 'std::atomic<std::shared_ptr<T>>' instead [-Wdeprecated-declarations]
   39 |     auto msg = std::atomic_exchange(&message_, {});
      |                ~~~~~~~~~~~~~~~~~~~~^~~~~~~~~~~~~~~
/usr/include/c++/16.1.1/bits/shared_ptr_atomic.h:225:5: note: declared here
  225 |     atomic_exchange(shared_ptr<_Tp>* __p, shared_ptr<_Tp> __r)
      |     ^~~~~~~~~~~~~~~
[ 92%] Building CXX object CMakeFiles/mlx.dir/mlx/backend/common/common.cpp.o
In file included from ~/v0.7.31-src/.work/mlx/mlx/event.h:8,
                 from ~/v0.7.31-src/.work/mlx/mlx/array.h:14,
                 from ~/v0.7.31-src/.work/mlx/mlx/backend/common/broadcasting.h:5,
                 from ~/v0.7.31-src/.work/mlx/mlx/backend/common/common.cpp:4:
~/v0.7.31-src/.work/mlx/mlx/error.h: In member function 'void mlx::core::Error::set_message(Message)':
~/v0.7.31-src/.work/mlx/mlx/error.h:17:22: warning: 'void std::atomic_store(shared_ptr<_Tp>*, shared_ptr<_Tp>) [with _Tp = __cxx11::basic_string<char>]' is deprecated: use 'std::atomic<std::shared_ptr<T>>' instead [-Wdeprecated-declarations]
   17 |     std::atomic_store(&message_, std::move(msg));
      |     ~~~~~~~~~~~~~~~~~^~~~~~~~~~~~~~~~~~~~~~~~~~~
In file included from /usr/include/c++/16.1.1/memory:83,
                 from ~/v0.7.31-src/.work/mlx/mlx/array.h:7:
/usr/include/c++/16.1.1/bits/shared_ptr_atomic.h:183:5: note: declared here
  183 |     atomic_store(shared_ptr<_Tp>* __p, shared_ptr<_Tp> __r)
      |     ^~~~~~~~~~~~
~/v0.7.31-src/.work/mlx/mlx/error.h: In member function 'bool mlx::core::Error::valid() const':
~/v0.7.31-src/.work/mlx/mlx/error.h:21:32: warning: 'std::shared_ptr<_Tp> std::atomic_load(const shared_ptr<_Tp>*) [with _Tp = __cxx11::basic_string<char>]' is deprecated: use 'std::atomic<std::shared_ptr<T>>' instead [-Wdeprecated-declarations]
   21 |     auto msg = std::atomic_load(&message_);
      |                ~~~~~~~~~~~~~~~~^~~~~~~~~~~
/usr/include/c++/16.1.1/bits/shared_ptr_atomic.h:142:5: note: declared here
  142 |     atomic_load(const shared_ptr<_Tp>* __p)
      |     ^~~~~~~~~~~
~/v0.7.31-src/.work/mlx/mlx/error.h: In member function 'bool mlx::core::Error::store_if_valid(const mlx::core::Error*)':
~/v0.7.31-src/.work/mlx/mlx/error.h:28:37: warning: 'std::shared_ptr<_Tp> std::atomic_load(const shared_ptr<_Tp>*) [with _Tp = __cxx11::basic_string<char>]' is deprecated: use 'std::atomic<std::shared_ptr<T>>' instead [-Wdeprecated-declarations]
   28 |       Message msg = std::atomic_load(&ptr->message_);
      |                     ~~~~~~~~~~~~~~~~^~~~~~~~~~~~~~~~
/usr/include/c++/16.1.1/bits/shared_ptr_atomic.h:142:5: note: declared here
  142 |     atomic_load(const shared_ptr<_Tp>* __p)
      |     ^~~~~~~~~~~
~/v0.7.31-src/.work/mlx/mlx/error.h: In member function 'void mlx::core::Error::check()':
~/v0.7.31-src/.work/mlx/mlx/error.h:39:36: warning: 'std::shared_ptr<_Tp> std::atomic_exchange(shared_ptr<_Tp>*, shared_ptr<_Tp>) [with _Tp = __cxx11::basic_string<char>]' is deprecated: use 'std::atomic<std::shared_ptr<T>>' instead [-Wdeprecated-declarations]
   39 |     auto msg = std::atomic_exchange(&message_, {});
      |                ~~~~~~~~~~~~~~~~~~~~^~~~~~~~~~~~~~~
/usr/include/c++/16.1.1/bits/shared_ptr_atomic.h:225:5: note: declared here
  225 |     atomic_exchange(shared_ptr<_Tp>* __p, shared_ptr<_Tp> __r)
      |     ^~~~~~~~~~~~~~~
[ 93%] Building CXX object CMakeFiles/mlx.dir/mlx/backend/common/load.cpp.o
In file included from ~/v0.7.31-src/.work/mlx/mlx/event.h:8,
                 from ~/v0.7.31-src/.work/mlx/mlx/array.h:14,
                 from ~/v0.7.31-src/.work/mlx/mlx/primitives.h:8,
                 from ~/v0.7.31-src/.work/mlx/mlx/backend/common/load.cpp:6:
~/v0.7.31-src/.work/mlx/mlx/error.h: In member function 'void mlx::core::Error::set_message(Message)':
~/v0.7.31-src/.work/mlx/mlx/error.h:17:22: warning: 'void std::atomic_store(shared_ptr<_Tp>*, shared_ptr<_Tp>) [with _Tp = __cxx11::basic_string<char>]' is deprecated: use 'std::atomic<std::shared_ptr<T>>' instead [-Wdeprecated-declarations]
   17 |     std::atomic_store(&message_, std::move(msg));
      |     ~~~~~~~~~~~~~~~~~^~~~~~~~~~~~~~~~~~~~~~~~~~~
In file included from /usr/include/c++/16.1.1/memory:83,
                 from ~/v0.7.31-src/.work/mlx/mlx/array.h:7:
/usr/include/c++/16.1.1/bits/shared_ptr_atomic.h:183:5: note: declared here
  183 |     atomic_store(shared_ptr<_Tp>* __p, shared_ptr<_Tp> __r)
      |     ^~~~~~~~~~~~
~/v0.7.31-src/.work/mlx/mlx/error.h: In member function 'bool mlx::core::Error::valid() const':
~/v0.7.31-src/.work/mlx/mlx/error.h:21:32: warning: 'std::shared_ptr<_Tp> std::atomic_load(const shared_ptr<_Tp>*) [with _Tp = __cxx11::basic_string<char>]' is deprecated: use 'std::atomic<std::shared_ptr<T>>' instead [-Wdeprecated-declarations]
   21 |     auto msg = std::atomic_load(&message_);
      |                ~~~~~~~~~~~~~~~~^~~~~~~~~~~
/usr/include/c++/16.1.1/bits/shared_ptr_atomic.h:142:5: note: declared here
  142 |     atomic_load(const shared_ptr<_Tp>* __p)
      |     ^~~~~~~~~~~
~/v0.7.31-src/.work/mlx/mlx/error.h: In member function 'bool mlx::core::Error::store_if_valid(const mlx::core::Error*)':
~/v0.7.31-src/.work/mlx/mlx/error.h:28:37: warning: 'std::shared_ptr<_Tp> std::atomic_load(const shared_ptr<_Tp>*) [with _Tp = __cxx11::basic_string<char>]' is deprecated: use 'std::atomic<std::shared_ptr<T>>' instead [-Wdeprecated-declarations]
   28 |       Message msg = std::atomic_load(&ptr->message_);
      |                     ~~~~~~~~~~~~~~~~^~~~~~~~~~~~~~~~
/usr/include/c++/16.1.1/bits/shared_ptr_atomic.h:142:5: note: declared here
  142 |     atomic_load(const shared_ptr<_Tp>* __p)
      |     ^~~~~~~~~~~
~/v0.7.31-src/.work/mlx/mlx/error.h: In member function 'void mlx::core::Error::check()':
~/v0.7.31-src/.work/mlx/mlx/error.h:39:36: warning: 'std::shared_ptr<_Tp> std::atomic_exchange(shared_ptr<_Tp>*, shared_ptr<_Tp>) [with _Tp = __cxx11::basic_string<char>]' is deprecated: use 'std::atomic<std::shared_ptr<T>>' instead [-Wdeprecated-declarations]
   39 |     auto msg = std::atomic_exchange(&message_, {});
      |                ~~~~~~~~~~~~~~~~~~~~^~~~~~~~~~~~~~~
/usr/include/c++/16.1.1/bits/shared_ptr_atomic.h:225:5: note: declared here
  225 |     atomic_exchange(shared_ptr<_Tp>* __p, shared_ptr<_Tp> __r)
      |     ^~~~~~~~~~~~~~~
[ 93%] Building CXX object CMakeFiles/mlx.dir/mlx/backend/common/metal_kernel.cpp.o
In file included from ~/v0.7.31-src/.work/mlx/mlx/event.h:8,
                 from ~/v0.7.31-src/.work/mlx/mlx/array.h:14,
                 from ~/v0.7.31-src/.work/mlx/mlx/backend/common/compiled.h:8,
                 from ~/v0.7.31-src/.work/mlx/mlx/backend/common/metal_kernel.cpp:6:
~/v0.7.31-src/.work/mlx/mlx/error.h: In member function 'void mlx::core::Error::set_message(Message)':
~/v0.7.31-src/.work/mlx/mlx/error.h:17:22: warning: 'void std::atomic_store(shared_ptr<_Tp>*, shared_ptr<_Tp>) [with _Tp = __cxx11::basic_string<char>]' is deprecated: use 'std::atomic<std::shared_ptr<T>>' instead [-Wdeprecated-declarations]
   17 |     std::atomic_store(&message_, std::move(msg));
      |     ~~~~~~~~~~~~~~~~~^~~~~~~~~~~~~~~~~~~~~~~~~~~
In file included from /usr/include/c++/16.1.1/memory:83,
                 from ~/v0.7.31-src/.work/mlx/mlx/array.h:7:
/usr/include/c++/16.1.1/bits/shared_ptr_atomic.h:183:5: note: declared here
  183 |     atomic_store(shared_ptr<_Tp>* __p, shared_ptr<_Tp> __r)
      |     ^~~~~~~~~~~~
~/v0.7.31-src/.work/mlx/mlx/error.h: In member function 'bool mlx::core::Error::valid() const':
~/v0.7.31-src/.work/mlx/mlx/error.h:21:32: warning: 'std::shared_ptr<_Tp> std::atomic_load(const shared_ptr<_Tp>*) [with _Tp = __cxx11::basic_string<char>]' is deprecated: use 'std::atomic<std::shared_ptr<T>>' instead [-Wdeprecated-declarations]
   21 |     auto msg = std::atomic_load(&message_);
      |                ~~~~~~~~~~~~~~~~^~~~~~~~~~~
/usr/include/c++/16.1.1/bits/shared_ptr_atomic.h:142:5: note: declared here
  142 |     atomic_load(const shared_ptr<_Tp>* __p)
      |     ^~~~~~~~~~~
~/v0.7.31-src/.work/mlx/mlx/error.h: In member function 'bool mlx::core::Error::store_if_valid(const mlx::core::Error*)':
~/v0.7.31-src/.work/mlx/mlx/error.h:28:37: warning: 'std::shared_ptr<_Tp> std::atomic_load(const shared_ptr<_Tp>*) [with _Tp = __cxx11::basic_string<char>]' is deprecated: use 'std::atomic<std::shared_ptr<T>>' instead [-Wdeprecated-declarations]
   28 |       Message msg = std::atomic_load(&ptr->message_);
      |                     ~~~~~~~~~~~~~~~~^~~~~~~~~~~~~~~~
/usr/include/c++/16.1.1/bits/shared_ptr_atomic.h:142:5: note: declared here
  142 |     atomic_load(const shared_ptr<_Tp>* __p)
      |     ^~~~~~~~~~~
~/v0.7.31-src/.work/mlx/mlx/error.h: In member function 'void mlx::core::Error::check()':
~/v0.7.31-src/.work/mlx/mlx/error.h:39:36: warning: 'std::shared_ptr<_Tp> std::atomic_exchange(shared_ptr<_Tp>*, shared_ptr<_Tp>) [with _Tp = __cxx11::basic_string<char>]' is deprecated: use 'std::atomic<std::shared_ptr<T>>' instead [-Wdeprecated-declarations]
   39 |     auto msg = std::atomic_exchange(&message_, {});
      |                ~~~~~~~~~~~~~~~~~~~~^~~~~~~~~~~~~~~
/usr/include/c++/16.1.1/bits/shared_ptr_atomic.h:225:5: note: declared here
  225 |     atomic_exchange(shared_ptr<_Tp>* __p, shared_ptr<_Tp> __r)
      |     ^~~~~~~~~~~~~~~
[ 93%] Building CXX object CMakeFiles/mlx.dir/mlx/backend/common/reduce.cpp.o
In file included from ~/v0.7.31-src/.work/mlx/mlx/event.h:8,
                 from ~/v0.7.31-src/.work/mlx/mlx/array.h:14,
                 from ~/v0.7.31-src/.work/mlx/mlx/backend/common/utils.h:9,
                 from ~/v0.7.31-src/.work/mlx/mlx/backend/common/reduce.h:5,
                 from ~/v0.7.31-src/.work/mlx/mlx/backend/common/reduce.cpp:3:
~/v0.7.31-src/.work/mlx/mlx/error.h: In member function 'void mlx::core::Error::set_message(Message)':
~/v0.7.31-src/.work/mlx/mlx/error.h:17:22: warning: 'void std::atomic_store(shared_ptr<_Tp>*, shared_ptr<_Tp>) [with _Tp = __cxx11::basic_string<char>]' is deprecated: use 'std::atomic<std::shared_ptr<T>>' instead [-Wdeprecated-declarations]
   17 |     std::atomic_store(&message_, std::move(msg));
      |     ~~~~~~~~~~~~~~~~~^~~~~~~~~~~~~~~~~~~~~~~~~~~
In file included from /usr/include/c++/16.1.1/memory:83,
                 from ~/v0.7.31-src/.work/mlx/mlx/array.h:7:
/usr/include/c++/16.1.1/bits/shared_ptr_atomic.h:183:5: note: declared here
  183 |     atomic_store(shared_ptr<_Tp>* __p, shared_ptr<_Tp> __r)
      |     ^~~~~~~~~~~~
~/v0.7.31-src/.work/mlx/mlx/error.h: In member function 'bool mlx::core::Error::valid() const':
~/v0.7.31-src/.work/mlx/mlx/error.h:21:32: warning: 'std::shared_ptr<_Tp> std::atomic_load(const shared_ptr<_Tp>*) [with _Tp = __cxx11::basic_string<char>]' is deprecated: use 'std::atomic<std::shared_ptr<T>>' instead [-Wdeprecated-declarations]
   21 |     auto msg = std::atomic_load(&message_);
      |                ~~~~~~~~~~~~~~~~^~~~~~~~~~~
/usr/include/c++/16.1.1/bits/shared_ptr_atomic.h:142:5: note: declared here
  142 |     atomic_load(const shared_ptr<_Tp>* __p)
      |     ^~~~~~~~~~~
~/v0.7.31-src/.work/mlx/mlx/error.h: In member function 'bool mlx::core::Error::store_if_valid(const mlx::core::Error*)':
~/v0.7.31-src/.work/mlx/mlx/error.h:28:37: warning: 'std::shared_ptr<_Tp> std::atomic_load(const shared_ptr<_Tp>*) [with _Tp = __cxx11::basic_string<char>]' is deprecated: use 'std::atomic<std::shared_ptr<T>>' instead [-Wdeprecated-declarations]
   28 |       Message msg = std::atomic_load(&ptr->message_);
      |                     ~~~~~~~~~~~~~~~~^~~~~~~~~~~~~~~~
/usr/include/c++/16.1.1/bits/shared_ptr_atomic.h:142:5: note: declared here
  142 |     atomic_load(const shared_ptr<_Tp>* __p)
      |     ^~~~~~~~~~~
~/v0.7.31-src/.work/mlx/mlx/error.h: In member function 'void mlx::core::Error::check()':
~/v0.7.31-src/.work/mlx/mlx/error.h:39:36: warning: 'std::shared_ptr<_Tp> std::atomic_exchange(shared_ptr<_Tp>*, shared_ptr<_Tp>) [with _Tp = __cxx11::basic_string<char>]' is deprecated: use 'std::atomic<std::shared_ptr<T>>' instead [-Wdeprecated-declarations]
   39 |     auto msg = std::atomic_exchange(&message_, {});
      |                ~~~~~~~~~~~~~~~~~~~~^~~~~~~~~~~~~~~
/usr/include/c++/16.1.1/bits/shared_ptr_atomic.h:225:5: note: declared here
  225 |     atomic_exchange(shared_ptr<_Tp>* __p, shared_ptr<_Tp> __r)
      |     ^~~~~~~~~~~~~~~
[ 93%] Building CXX object CMakeFiles/mlx.dir/mlx/backend/common/slicing.cpp.o
In file included from ~/v0.7.31-src/.work/mlx/mlx/event.h:8,
                 from ~/v0.7.31-src/.work/mlx/mlx/array.h:14,
                 from ~/v0.7.31-src/.work/mlx/mlx/backend/common/utils.h:9,
                 from ~/v0.7.31-src/.work/mlx/mlx/backend/common/slicing.cpp:3:
~/v0.7.31-src/.work/mlx/mlx/error.h: In member function 'void mlx::core::Error::set_message(Message)':
~/v0.7.31-src/.work/mlx/mlx/error.h:17:22: warning: 'void std::atomic_store(shared_ptr<_Tp>*, shared_ptr<_Tp>) [with _Tp = __cxx11::basic_string<char>]' is deprecated: use 'std::atomic<std::shared_ptr<T>>' instead [-Wdeprecated-declarations]
   17 |     std::atomic_store(&message_, std::move(msg));
      |     ~~~~~~~~~~~~~~~~~^~~~~~~~~~~~~~~~~~~~~~~~~~~
In file included from /usr/include/c++/16.1.1/memory:83,
                 from ~/v0.7.31-src/.work/mlx/mlx/array.h:7:
/usr/include/c++/16.1.1/bits/shared_ptr_atomic.h:183:5: note: declared here
  183 |     atomic_store(shared_ptr<_Tp>* __p, shared_ptr<_Tp> __r)
      |     ^~~~~~~~~~~~
~/v0.7.31-src/.work/mlx/mlx/error.h: In member function 'bool mlx::core::Error::valid() const':
~/v0.7.31-src/.work/mlx/mlx/error.h:21:32: warning: 'std::shared_ptr<_Tp> std::atomic_load(const shared_ptr<_Tp>*) [with _Tp = __cxx11::basic_string<char>]' is deprecated: use 'std::atomic<std::shared_ptr<T>>' instead [-Wdeprecated-declarations]
   21 |     auto msg = std::atomic_load(&message_);
      |                ~~~~~~~~~~~~~~~~^~~~~~~~~~~
/usr/include/c++/16.1.1/bits/shared_ptr_atomic.h:142:5: note: declared here
  142 |     atomic_load(const shared_ptr<_Tp>* __p)
      |     ^~~~~~~~~~~
~/v0.7.31-src/.work/mlx/mlx/error.h: In member function 'bool mlx::core::Error::store_if_valid(const mlx::core::Error*)':
~/v0.7.31-src/.work/mlx/mlx/error.h:28:37: warning: 'std::shared_ptr<_Tp> std::atomic_load(const shared_ptr<_Tp>*) [with _Tp = __cxx11::basic_string<char>]' is deprecated: use 'std::atomic<std::shared_ptr<T>>' instead [-Wdeprecated-declarations]
   28 |       Message msg = std::atomic_load(&ptr->message_);
      |                     ~~~~~~~~~~~~~~~~^~~~~~~~~~~~~~~~
/usr/include/c++/16.1.1/bits/shared_ptr_atomic.h:142:5: note: declared here
  142 |     atomic_load(const shared_ptr<_Tp>* __p)
      |     ^~~~~~~~~~~
~/v0.7.31-src/.work/mlx/mlx/error.h: In member function 'void mlx::core::Error::check()':
~/v0.7.31-src/.work/mlx/mlx/error.h:39:36: warning: 'std::shared_ptr<_Tp> std::atomic_exchange(shared_ptr<_Tp>*, shared_ptr<_Tp>) [with _Tp = __cxx11::basic_string<char>]' is deprecated: use 'std::atomic<std::shared_ptr<T>>' instead [-Wdeprecated-declarations]
   39 |     auto msg = std::atomic_exchange(&message_, {});
      |                ~~~~~~~~~~~~~~~~~~~~^~~~~~~~~~~~~~~
/usr/include/c++/16.1.1/bits/shared_ptr_atomic.h:225:5: note: declared here
  225 |     atomic_exchange(shared_ptr<_Tp>* __p, shared_ptr<_Tp> __r)
      |     ^~~~~~~~~~~~~~~
[ 93%] Building CXX object CMakeFiles/mlx.dir/mlx/backend/common/utils.cpp.o
In file included from ~/v0.7.31-src/.work/mlx/mlx/event.h:8,
                 from ~/v0.7.31-src/.work/mlx/mlx/array.h:14,
                 from ~/v0.7.31-src/.work/mlx/mlx/backend/common/utils.h:9,
                 from ~/v0.7.31-src/.work/mlx/mlx/backend/common/utils.cpp:6:
~/v0.7.31-src/.work/mlx/mlx/error.h: In member function 'void mlx::core::Error::set_message(Message)':
~/v0.7.31-src/.work/mlx/mlx/error.h:17:22: warning: 'void std::atomic_store(shared_ptr<_Tp>*, shared_ptr<_Tp>) [with _Tp = __cxx11::basic_string<char>]' is deprecated: use 'std::atomic<std::shared_ptr<T>>' instead [-Wdeprecated-declarations]
   17 |     std::atomic_store(&message_, std::move(msg));
      |     ~~~~~~~~~~~~~~~~~^~~~~~~~~~~~~~~~~~~~~~~~~~~
In file included from /usr/include/c++/16.1.1/memory:83,
                 from ~/v0.7.31-src/.work/mlx/mlx/array.h:7:
/usr/include/c++/16.1.1/bits/shared_ptr_atomic.h:183:5: note: declared here
  183 |     atomic_store(shared_ptr<_Tp>* __p, shared_ptr<_Tp> __r)
      |     ^~~~~~~~~~~~
~/v0.7.31-src/.work/mlx/mlx/error.h: In member function 'bool mlx::core::Error::valid() const':
~/v0.7.31-src/.work/mlx/mlx/error.h:21:32: warning: 'std::shared_ptr<_Tp> std::atomic_load(const shared_ptr<_Tp>*) [with _Tp = __cxx11::basic_string<char>]' is deprecated: use 'std::atomic<std::shared_ptr<T>>' instead [-Wdeprecated-declarations]
   21 |     auto msg = std::atomic_load(&message_);
      |                ~~~~~~~~~~~~~~~~^~~~~~~~~~~
/usr/include/c++/16.1.1/bits/shared_ptr_atomic.h:142:5: note: declared here
  142 |     atomic_load(const shared_ptr<_Tp>* __p)
      |     ^~~~~~~~~~~
~/v0.7.31-src/.work/mlx/mlx/error.h: In member function 'bool mlx::core::Error::store_if_valid(const mlx::core::Error*)':
~/v0.7.31-src/.work/mlx/mlx/error.h:28:37: warning: 'std::shared_ptr<_Tp> std::atomic_load(const shared_ptr<_Tp>*) [with _Tp = __cxx11::basic_string<char>]' is deprecated: use 'std::atomic<std::shared_ptr<T>>' instead [-Wdeprecated-declarations]
   28 |       Message msg = std::atomic_load(&ptr->message_);
      |                     ~~~~~~~~~~~~~~~~^~~~~~~~~~~~~~~~
/usr/include/c++/16.1.1/bits/shared_ptr_atomic.h:142:5: note: declared here
  142 |     atomic_load(const shared_ptr<_Tp>* __p)
      |     ^~~~~~~~~~~
~/v0.7.31-src/.work/mlx/mlx/error.h: In member function 'void mlx::core::Error::check()':
~/v0.7.31-src/.work/mlx/mlx/error.h:39:36: warning: 'std::shared_ptr<_Tp> std::atomic_exchange(shared_ptr<_Tp>*, shared_ptr<_Tp>) [with _Tp = __cxx11::basic_string<char>]' is deprecated: use 'std::atomic<std::shared_ptr<T>>' instead [-Wdeprecated-declarations]
   39 |     auto msg = std::atomic_exchange(&message_, {});
      |                ~~~~~~~~~~~~~~~~~~~~^~~~~~~~~~~~~~~
/usr/include/c++/16.1.1/bits/shared_ptr_atomic.h:225:5: note: declared here
  225 |     atomic_exchange(shared_ptr<_Tp>* __p, shared_ptr<_Tp> __r)
      |     ^~~~~~~~~~~~~~~
[ 93%] Building CXX object CMakeFiles/mlx.dir/mlx/backend/cpu/device_info.cpp.o
[ 93%] Building CXX object CMakeFiles/mlx.dir/mlx/backend/cpu/arg_reduce.cpp.o
In file included from ~/v0.7.31-src/.work/mlx/mlx/event.h:8,
                 from ~/v0.7.31-src/.work/mlx/mlx/array.h:14,
                 from ~/v0.7.31-src/.work/mlx/mlx/backend/common/utils.h:9,
                 from ~/v0.7.31-src/.work/mlx/mlx/backend/cpu/arg_reduce.cpp:5:
~/v0.7.31-src/.work/mlx/mlx/error.h: In member function 'void mlx::core::Error::set_message(Message)':
~/v0.7.31-src/.work/mlx/mlx/error.h:17:22: warning: 'void std::atomic_store(shared_ptr<_Tp>*, shared_ptr<_Tp>) [with _Tp = __cxx11::basic_string<char>]' is deprecated: use 'std::atomic<std::shared_ptr<T>>' instead [-Wdeprecated-declarations]
   17 |     std::atomic_store(&message_, std::move(msg));
      |     ~~~~~~~~~~~~~~~~~^~~~~~~~~~~~~~~~~~~~~~~~~~~
In file included from /usr/include/c++/16.1.1/memory:83,
                 from ~/v0.7.31-src/.work/mlx/mlx/array.h:7:
/usr/include/c++/16.1.1/bits/shared_ptr_atomic.h:183:5: note: declared here
  183 |     atomic_store(shared_ptr<_Tp>* __p, shared_ptr<_Tp> __r)
      |     ^~~~~~~~~~~~
~/v0.7.31-src/.work/mlx/mlx/error.h: In member function 'bool mlx::core::Error::valid() const':
~/v0.7.31-src/.work/mlx/mlx/error.h:21:32: warning: 'std::shared_ptr<_Tp> std::atomic_load(const shared_ptr<_Tp>*) [with _Tp = __cxx11::basic_string<char>]' is deprecated: use 'std::atomic<std::shared_ptr<T>>' instead [-Wdeprecated-declarations]
   21 |     auto msg = std::atomic_load(&message_);
      |                ~~~~~~~~~~~~~~~~^~~~~~~~~~~
/usr/include/c++/16.1.1/bits/shared_ptr_atomic.h:142:5: note: declared here
  142 |     atomic_load(const shared_ptr<_Tp>* __p)
      |     ^~~~~~~~~~~
~/v0.7.31-src/.work/mlx/mlx/error.h: In member function 'bool mlx::core::Error::store_if_valid(const mlx::core::Error*)':
~/v0.7.31-src/.work/mlx/mlx/error.h:28:37: warning: 'std::shared_ptr<_Tp> std::atomic_load(const shared_ptr<_Tp>*) [with _Tp = __cxx11::basic_string<char>]' is deprecated: use 'std::atomic<std::shared_ptr<T>>' instead [-Wdeprecated-declarations]
   28 |       Message msg = std::atomic_load(&ptr->message_);
      |                     ~~~~~~~~~~~~~~~~^~~~~~~~~~~~~~~~
/usr/include/c++/16.1.1/bits/shared_ptr_atomic.h:142:5: note: declared here
  142 |     atomic_load(const shared_ptr<_Tp>* __p)
      |     ^~~~~~~~~~~
~/v0.7.31-src/.work/mlx/mlx/error.h: In member function 'void mlx::core::Error::check()':
~/v0.7.31-src/.work/mlx/mlx/error.h:39:36: warning: 'std::shared_ptr<_Tp> std::atomic_exchange(shared_ptr<_Tp>*, shared_ptr<_Tp>) [with _Tp = __cxx11::basic_string<char>]' is deprecated: use 'std::atomic<std::shared_ptr<T>>' instead [-Wdeprecated-declarations]
   39 |     auto msg = std::atomic_exchange(&message_, {});
      |                ~~~~~~~~~~~~~~~~~~~~^~~~~~~~~~~~~~~
/usr/include/c++/16.1.1/bits/shared_ptr_atomic.h:225:5: note: declared here
  225 |     atomic_exchange(shared_ptr<_Tp>* __p, shared_ptr<_Tp> __r)
      |     ^~~~~~~~~~~~~~~
[ 93%] Building CXX object CMakeFiles/mlx.dir/mlx/backend/cpu/binary.cpp.o
In file included from ~/v0.7.31-src/.work/mlx/mlx/event.h:8,
                 from ~/v0.7.31-src/.work/mlx/mlx/array.h:14,
                 from ~/v0.7.31-src/.work/mlx/mlx/backend/cpu/binary.h:6,
                 from ~/v0.7.31-src/.work/mlx/mlx/backend/cpu/binary.cpp:9:
~/v0.7.31-src/.work/mlx/mlx/error.h: In member function 'void mlx::core::Error::set_message(Message)':
~/v0.7.31-src/.work/mlx/mlx/error.h:17:22: warning: 'void std::atomic_store(shared_ptr<_Tp>*, shared_ptr<_Tp>) [with _Tp = __cxx11::basic_string<char>]' is deprecated: use 'std::atomic<std::shared_ptr<T>>' instead [-Wdeprecated-declarations]
   17 |     std::atomic_store(&message_, std::move(msg));
      |     ~~~~~~~~~~~~~~~~~^~~~~~~~~~~~~~~~~~~~~~~~~~~
In file included from /usr/include/c++/16.1.1/memory:83,
                 from ~/v0.7.31-src/.work/mlx/mlx/array.h:7:
/usr/include/c++/16.1.1/bits/shared_ptr_atomic.h:183:5: note: declared here
  183 |     atomic_store(shared_ptr<_Tp>* __p, shared_ptr<_Tp> __r)
      |     ^~~~~~~~~~~~
~/v0.7.31-src/.work/mlx/mlx/error.h: In member function 'bool mlx::core::Error::valid() const':
~/v0.7.31-src/.work/mlx/mlx/error.h:21:32: warning: 'std::shared_ptr<_Tp> std::atomic_load(const shared_ptr<_Tp>*) [with _Tp = __cxx11::basic_string<char>]' is deprecated: use 'std::atomic<std::shared_ptr<T>>' instead [-Wdeprecated-declarations]
   21 |     auto msg = std::atomic_load(&message_);
      |                ~~~~~~~~~~~~~~~~^~~~~~~~~~~
/usr/include/c++/16.1.1/bits/shared_ptr_atomic.h:142:5: note: declared here
  142 |     atomic_load(const shared_ptr<_Tp>* __p)
      |     ^~~~~~~~~~~
~/v0.7.31-src/.work/mlx/mlx/error.h: In member function 'bool mlx::core::Error::store_if_valid(const mlx::core::Error*)':
~/v0.7.31-src/.work/mlx/mlx/error.h:28:37: warning: 'std::shared_ptr<_Tp> std::atomic_load(const shared_ptr<_Tp>*) [with _Tp = __cxx11::basic_string<char>]' is deprecated: use 'std::atomic<std::shared_ptr<T>>' instead [-Wdeprecated-declarations]
   28 |       Message msg = std::atomic_load(&ptr->message_);
      |                     ~~~~~~~~~~~~~~~~^~~~~~~~~~~~~~~~
/usr/include/c++/16.1.1/bits/shared_ptr_atomic.h:142:5: note: declared here
  142 |     atomic_load(const shared_ptr<_Tp>* __p)
      |     ^~~~~~~~~~~
~/v0.7.31-src/.work/mlx/mlx/error.h: In member function 'void mlx::core::Error::check()':
~/v0.7.31-src/.work/mlx/mlx/error.h:39:36: warning: 'std::shared_ptr<_Tp> std::atomic_exchange(shared_ptr<_Tp>*, shared_ptr<_Tp>) [with _Tp = __cxx11::basic_string<char>]' is deprecated: use 'std::atomic<std::shared_ptr<T>>' instead [-Wdeprecated-declarations]
   39 |     auto msg = std::atomic_exchange(&message_, {});
      |                ~~~~~~~~~~~~~~~~~~~~^~~~~~~~~~~~~~~
/usr/include/c++/16.1.1/bits/shared_ptr_atomic.h:225:5: note: declared here
  225 |     atomic_exchange(shared_ptr<_Tp>* __p, shared_ptr<_Tp> __r)
      |     ^~~~~~~~~~~~~~~
[ 93%] Building CXX object CMakeFiles/mlx.dir/mlx/backend/cpu/conv.cpp.o
In file included from ~/v0.7.31-src/.work/mlx/mlx/event.h:8,
                 from ~/v0.7.31-src/.work/mlx/mlx/array.h:14,
                 from ~/v0.7.31-src/.work/mlx/mlx/backend/cpu/copy.h:7,
                 from ~/v0.7.31-src/.work/mlx/mlx/backend/cpu/conv.cpp:6:
~/v0.7.31-src/.work/mlx/mlx/error.h: In member function 'void mlx::core::Error::set_message(Message)':
~/v0.7.31-src/.work/mlx/mlx/error.h:17:22: warning: 'void std::atomic_store(shared_ptr<_Tp>*, shared_ptr<_Tp>) [with _Tp = __cxx11::basic_string<char>]' is deprecated: use 'std::atomic<std::shared_ptr<T>>' instead [-Wdeprecated-declarations]
   17 |     std::atomic_store(&message_, std::move(msg));
      |     ~~~~~~~~~~~~~~~~~^~~~~~~~~~~~~~~~~~~~~~~~~~~
In file included from /usr/include/c++/16.1.1/memory:83,
                 from ~/v0.7.31-src/.work/mlx/mlx/array.h:7:
/usr/include/c++/16.1.1/bits/shared_ptr_atomic.h:183:5: note: declared here
  183 |     atomic_store(shared_ptr<_Tp>* __p, shared_ptr<_Tp> __r)
      |     ^~~~~~~~~~~~
~/v0.7.31-src/.work/mlx/mlx/error.h: In member function 'bool mlx::core::Error::valid() const':
~/v0.7.31-src/.work/mlx/mlx/error.h:21:32: warning: 'std::shared_ptr<_Tp> std::atomic_load(const shared_ptr<_Tp>*) [with _Tp = __cxx11::basic_string<char>]' is deprecated: use 'std::atomic<std::shared_ptr<T>>' instead [-Wdeprecated-declarations]
   21 |     auto msg = std::atomic_load(&message_);
      |                ~~~~~~~~~~~~~~~~^~~~~~~~~~~
/usr/include/c++/16.1.1/bits/shared_ptr_atomic.h:142:5: note: declared here
  142 |     atomic_load(const shared_ptr<_Tp>* __p)
      |     ^~~~~~~~~~~
~/v0.7.31-src/.work/mlx/mlx/error.h: In member function 'bool mlx::core::Error::store_if_valid(const mlx::core::Error*)':
~/v0.7.31-src/.work/mlx/mlx/error.h:28:37: warning: 'std::shared_ptr<_Tp> std::atomic_load(const shared_ptr<_Tp>*) [with _Tp = __cxx11::basic_string<char>]' is deprecated: use 'std::atomic<std::shared_ptr<T>>' instead [-Wdeprecated-declarations]
   28 |       Message msg = std::atomic_load(&ptr->message_);
      |                     ~~~~~~~~~~~~~~~~^~~~~~~~~~~~~~~~
/usr/include/c++/16.1.1/bits/shared_ptr_atomic.h:142:5: note: declared here
  142 |     atomic_load(const shared_ptr<_Tp>* __p)
      |     ^~~~~~~~~~~
~/v0.7.31-src/.work/mlx/mlx/error.h: In member function 'void mlx::core::Error::check()':
~/v0.7.31-src/.work/mlx/mlx/error.h:39:36: warning: 'std::shared_ptr<_Tp> std::atomic_exchange(shared_ptr<_Tp>*, shared_ptr<_Tp>) [with _Tp = __cxx11::basic_string<char>]' is deprecated: use 'std::atomic<std::shared_ptr<T>>' instead [-Wdeprecated-declarations]
   39 |     auto msg = std::atomic_exchange(&message_, {});
      |                ~~~~~~~~~~~~~~~~~~~~^~~~~~~~~~~~~~~
/usr/include/c++/16.1.1/bits/shared_ptr_atomic.h:225:5: note: declared here
  225 |     atomic_exchange(shared_ptr<_Tp>* __p, shared_ptr<_Tp> __r)
      |     ^~~~~~~~~~~~~~~
[ 93%] Building CXX object CMakeFiles/mlx.dir/mlx/backend/cpu/copy.cpp.o
In file included from ~/v0.7.31-src/.work/mlx/mlx/event.h:8,
                 from ~/v0.7.31-src/.work/mlx/mlx/array.h:14,
                 from ~/v0.7.31-src/.work/mlx/mlx/backend/common/utils.h:9,
                 from ~/v0.7.31-src/.work/mlx/mlx/backend/cpu/copy.cpp:6:
~/v0.7.31-src/.work/mlx/mlx/error.h: In member function 'void mlx::core::Error::set_message(Message)':
~/v0.7.31-src/.work/mlx/mlx/error.h:17:22: warning: 'void std::atomic_store(shared_ptr<_Tp>*, shared_ptr<_Tp>) [with _Tp = __cxx11::basic_string<char>]' is deprecated: use 'std::atomic<std::shared_ptr<T>>' instead [-Wdeprecated-declarations]
   17 |     std::atomic_store(&message_, std::move(msg));
      |     ~~~~~~~~~~~~~~~~~^~~~~~~~~~~~~~~~~~~~~~~~~~~
In file included from /usr/include/c++/16.1.1/memory:83,
                 from ~/v0.7.31-src/.work/mlx/mlx/array.h:7:
/usr/include/c++/16.1.1/bits/shared_ptr_atomic.h:183:5: note: declared here
  183 |     atomic_store(shared_ptr<_Tp>* __p, shared_ptr<_Tp> __r)
      |     ^~~~~~~~~~~~
~/v0.7.31-src/.work/mlx/mlx/error.h: In member function 'bool mlx::core::Error::valid() const':
~/v0.7.31-src/.work/mlx/mlx/error.h:21:32: warning: 'std::shared_ptr<_Tp> std::atomic_load(const shared_ptr<_Tp>*) [with _Tp = __cxx11::basic_string<char>]' is deprecated: use 'std::atomic<std::shared_ptr<T>>' instead [-Wdeprecated-declarations]
   21 |     auto msg = std::atomic_load(&message_);
      |                ~~~~~~~~~~~~~~~~^~~~~~~~~~~
/usr/include/c++/16.1.1/bits/shared_ptr_atomic.h:142:5: note: declared here
  142 |     atomic_load(const shared_ptr<_Tp>* __p)
      |     ^~~~~~~~~~~
~/v0.7.31-src/.work/mlx/mlx/error.h: In member function 'bool mlx::core::Error::store_if_valid(const mlx::core::Error*)':
~/v0.7.31-src/.work/mlx/mlx/error.h:28:37: warning: 'std::shared_ptr<_Tp> std::atomic_load(const shared_ptr<_Tp>*) [with _Tp = __cxx11::basic_string<char>]' is deprecated: use 'std::atomic<std::shared_ptr<T>>' instead [-Wdeprecated-declarations]
   28 |       Message msg = std::atomic_load(&ptr->message_);
      |                     ~~~~~~~~~~~~~~~~^~~~~~~~~~~~~~~~
/usr/include/c++/16.1.1/bits/shared_ptr_atomic.h:142:5: note: declared here
  142 |     atomic_load(const shared_ptr<_Tp>* __p)
      |     ^~~~~~~~~~~
~/v0.7.31-src/.work/mlx/mlx/error.h: In member function 'void mlx::core::Error::check()':
~/v0.7.31-src/.work/mlx/mlx/error.h:39:36: warning: 'std::shared_ptr<_Tp> std::atomic_exchange(shared_ptr<_Tp>*, shared_ptr<_Tp>) [with _Tp = __cxx11::basic_string<char>]' is deprecated: use 'std::atomic<std::shared_ptr<T>>' instead [-Wdeprecated-declarations]
   39 |     auto msg = std::atomic_exchange(&message_, {});
      |                ~~~~~~~~~~~~~~~~~~~~^~~~~~~~~~~~~~~
/usr/include/c++/16.1.1/bits/shared_ptr_atomic.h:225:5: note: declared here
  225 |     atomic_exchange(shared_ptr<_Tp>* __p, shared_ptr<_Tp> __r)
      |     ^~~~~~~~~~~~~~~
[ 93%] Building CXX object CMakeFiles/mlx.dir/mlx/backend/cpu/distributed.cpp.o
In file included from ~/v0.7.31-src/.work/mlx/mlx/event.h:8,
                 from ~/v0.7.31-src/.work/mlx/mlx/array.h:14,
                 from ~/v0.7.31-src/.work/mlx/mlx/backend/cpu/copy.h:7,
                 from ~/v0.7.31-src/.work/mlx/mlx/backend/cpu/distributed.cpp:6:
~/v0.7.31-src/.work/mlx/mlx/error.h: In member function 'void mlx::core::Error::set_message(Message)':
~/v0.7.31-src/.work/mlx/mlx/error.h:17:22: warning: 'void std::atomic_store(shared_ptr<_Tp>*, shared_ptr<_Tp>) [with _Tp = __cxx11::basic_string<char>]' is deprecated: use 'std::atomic<std::shared_ptr<T>>' instead [-Wdeprecated-declarations]
   17 |     std::atomic_store(&message_, std::move(msg));
      |     ~~~~~~~~~~~~~~~~~^~~~~~~~~~~~~~~~~~~~~~~~~~~
In file included from /usr/include/c++/16.1.1/memory:83,
                 from ~/v0.7.31-src/.work/mlx/mlx/array.h:7:
/usr/include/c++/16.1.1/bits/shared_ptr_atomic.h:183:5: note: declared here
  183 |     atomic_store(shared_ptr<_Tp>* __p, shared_ptr<_Tp> __r)
      |     ^~~~~~~~~~~~
~/v0.7.31-src/.work/mlx/mlx/error.h: In member function 'bool mlx::core::Error::valid() const':
~/v0.7.31-src/.work/mlx/mlx/error.h:21:32: warning: 'std::shared_ptr<_Tp> std::atomic_load(const shared_ptr<_Tp>*) [with _Tp = __cxx11::basic_string<char>]' is deprecated: use 'std::atomic<std::shared_ptr<T>>' instead [-Wdeprecated-declarations]
   21 |     auto msg = std::atomic_load(&message_);
      |                ~~~~~~~~~~~~~~~~^~~~~~~~~~~
/usr/include/c++/16.1.1/bits/shared_ptr_atomic.h:142:5: note: declared here
  142 |     atomic_load(const shared_ptr<_Tp>* __p)
      |     ^~~~~~~~~~~
~/v0.7.31-src/.work/mlx/mlx/error.h: In member function 'bool mlx::core::Error::store_if_valid(const mlx::core::Error*)':
~/v0.7.31-src/.work/mlx/mlx/error.h:28:37: warning: 'std::shared_ptr<_Tp> std::atomic_load(const shared_ptr<_Tp>*) [with _Tp = __cxx11::basic_string<char>]' is deprecated: use 'std::atomic<std::shared_ptr<T>>' instead [-Wdeprecated-declarations]
   28 |       Message msg = std::atomic_load(&ptr->message_);
      |                     ~~~~~~~~~~~~~~~~^~~~~~~~~~~~~~~~
/usr/include/c++/16.1.1/bits/shared_ptr_atomic.h:142:5: note: declared here
  142 |     atomic_load(const shared_ptr<_Tp>* __p)
      |     ^~~~~~~~~~~
~/v0.7.31-src/.work/mlx/mlx/error.h: In member function 'void mlx::core::Error::check()':
~/v0.7.31-src/.work/mlx/mlx/error.h:39:36: warning: 'std::shared_ptr<_Tp> std::atomic_exchange(shared_ptr<_Tp>*, shared_ptr<_Tp>) [with _Tp = __cxx11::basic_string<char>]' is deprecated: use 'std::atomic<std::shared_ptr<T>>' instead [-Wdeprecated-declarations]
   39 |     auto msg = std::atomic_exchange(&message_, {});
      |                ~~~~~~~~~~~~~~~~~~~~^~~~~~~~~~~~~~~
/usr/include/c++/16.1.1/bits/shared_ptr_atomic.h:225:5: note: declared here
  225 |     atomic_exchange(shared_ptr<_Tp>* __p, shared_ptr<_Tp> __r)
      |     ^~~~~~~~~~~~~~~
[ 93%] Building CXX object CMakeFiles/mlx.dir/mlx/backend/cpu/eig.cpp.o
In file included from ~/v0.7.31-src/.work/mlx/mlx/event.h:8,
                 from ~/v0.7.31-src/.work/mlx/mlx/array.h:14,
                 from ~/v0.7.31-src/.work/mlx/mlx/backend/cpu/eig.cpp:4:
~/v0.7.31-src/.work/mlx/mlx/error.h: In member function 'void mlx::core::Error::set_message(Message)':
~/v0.7.31-src/.work/mlx/mlx/error.h:17:22: warning: 'void std::atomic_store(shared_ptr<_Tp>*, shared_ptr<_Tp>) [with _Tp = __cxx11::basic_string<char>]' is deprecated: use 'std::atomic<std::shared_ptr<T>>' instead [-Wdeprecated-declarations]
   17 |     std::atomic_store(&message_, std::move(msg));
      |     ~~~~~~~~~~~~~~~~~^~~~~~~~~~~~~~~~~~~~~~~~~~~
In file included from /usr/include/c++/16.1.1/memory:83,
                 from ~/v0.7.31-src/.work/mlx/mlx/array.h:7:
/usr/include/c++/16.1.1/bits/shared_ptr_atomic.h:183:5: note: declared here
  183 |     atomic_store(shared_ptr<_Tp>* __p, shared_ptr<_Tp> __r)
      |     ^~~~~~~~~~~~
~/v0.7.31-src/.work/mlx/mlx/error.h: In member function 'bool mlx::core::Error::valid() const':
~/v0.7.31-src/.work/mlx/mlx/error.h:21:32: warning: 'std::shared_ptr<_Tp> std::atomic_load(const shared_ptr<_Tp>*) [with _Tp = __cxx11::basic_string<char>]' is deprecated: use 'std::atomic<std::shared_ptr<T>>' instead [-Wdeprecated-declarations]
   21 |     auto msg = std::atomic_load(&message_);
      |                ~~~~~~~~~~~~~~~~^~~~~~~~~~~
/usr/include/c++/16.1.1/bits/shared_ptr_atomic.h:142:5: note: declared here
  142 |     atomic_load(const shared_ptr<_Tp>* __p)
      |     ^~~~~~~~~~~
~/v0.7.31-src/.work/mlx/mlx/error.h: In member function 'bool mlx::core::Error::store_if_valid(const mlx::core::Error*)':
~/v0.7.31-src/.work/mlx/mlx/error.h:28:37: warning: 'std::shared_ptr<_Tp> std::atomic_load(const shared_ptr<_Tp>*) [with _Tp = __cxx11::basic_string<char>]' is deprecated: use 'std::atomic<std::shared_ptr<T>>' instead [-Wdeprecated-declarations]
   28 |       Message msg = std::atomic_load(&ptr->message_);
      |                     ~~~~~~~~~~~~~~~~^~~~~~~~~~~~~~~~
/usr/include/c++/16.1.1/bits/shared_ptr_atomic.h:142:5: note: declared here
  142 |     atomic_load(const shared_ptr<_Tp>* __p)
      |     ^~~~~~~~~~~
~/v0.7.31-src/.work/mlx/mlx/error.h: In member function 'void mlx::core::Error::check()':
~/v0.7.31-src/.work/mlx/mlx/error.h:39:36: warning: 'std::shared_ptr<_Tp> std::atomic_exchange(shared_ptr<_Tp>*, shared_ptr<_Tp>) [with _Tp = __cxx11::basic_string<char>]' is deprecated: use 'std::atomic<std::shared_ptr<T>>' instead [-Wdeprecated-declarations]
   39 |     auto msg = std::atomic_exchange(&message_, {});
      |                ~~~~~~~~~~~~~~~~~~~~^~~~~~~~~~~~~~~
/usr/include/c++/16.1.1/bits/shared_ptr_atomic.h:225:5: note: declared here
  225 |     atomic_exchange(shared_ptr<_Tp>* __p, shared_ptr<_Tp> __r)
      |     ^~~~~~~~~~~~~~~
[ 93%] Building CXX object CMakeFiles/mlx.dir/mlx/backend/cpu/eigh.cpp.o
In file included from ~/v0.7.31-src/.work/mlx/mlx/event.h:8,
                 from ~/v0.7.31-src/.work/mlx/mlx/array.h:14,
                 from ~/v0.7.31-src/.work/mlx/mlx/backend/cpu/eigh.cpp:4:
~/v0.7.31-src/.work/mlx/mlx/error.h: In member function 'void mlx::core::Error::set_message(Message)':
~/v0.7.31-src/.work/mlx/mlx/error.h:17:22: warning: 'void std::atomic_store(shared_ptr<_Tp>*, shared_ptr<_Tp>) [with _Tp = __cxx11::basic_string<char>]' is deprecated: use 'std::atomic<std::shared_ptr<T>>' instead [-Wdeprecated-declarations]
   17 |     std::atomic_store(&message_, std::move(msg));
      |     ~~~~~~~~~~~~~~~~~^~~~~~~~~~~~~~~~~~~~~~~~~~~
In file included from /usr/include/c++/16.1.1/memory:83,
                 from ~/v0.7.31-src/.work/mlx/mlx/array.h:7:
/usr/include/c++/16.1.1/bits/shared_ptr_atomic.h:183:5: note: declared here
  183 |     atomic_store(shared_ptr<_Tp>* __p, shared_ptr<_Tp> __r)
      |     ^~~~~~~~~~~~
~/v0.7.31-src/.work/mlx/mlx/error.h: In member function 'bool mlx::core::Error::valid() const':
~/v0.7.31-src/.work/mlx/mlx/error.h:21:32: warning: 'std::shared_ptr<_Tp> std::atomic_load(const shared_ptr<_Tp>*) [with _Tp = __cxx11::basic_string<char>]' is deprecated: use 'std::atomic<std::shared_ptr<T>>' instead [-Wdeprecated-declarations]
   21 |     auto msg = std::atomic_load(&message_);
      |                ~~~~~~~~~~~~~~~~^~~~~~~~~~~
/usr/include/c++/16.1.1/bits/shared_ptr_atomic.h:142:5: note: declared here
  142 |     atomic_load(const shared_ptr<_Tp>* __p)
      |     ^~~~~~~~~~~
~/v0.7.31-src/.work/mlx/mlx/error.h: In member function 'bool mlx::core::Error::store_if_valid(const mlx::core::Error*)':
~/v0.7.31-src/.work/mlx/mlx/error.h:28:37: warning: 'std::shared_ptr<_Tp> std::atomic_load(const shared_ptr<_Tp>*) [with _Tp = __cxx11::basic_string<char>]' is deprecated: use 'std::atomic<std::shared_ptr<T>>' instead [-Wdeprecated-declarations]
   28 |       Message msg = std::atomic_load(&ptr->message_);
      |                     ~~~~~~~~~~~~~~~~^~~~~~~~~~~~~~~~
/usr/include/c++/16.1.1/bits/shared_ptr_atomic.h:142:5: note: declared here
  142 |     atomic_load(const shared_ptr<_Tp>* __p)
      |     ^~~~~~~~~~~
~/v0.7.31-src/.work/mlx/mlx/error.h: In member function 'void mlx::core::Error::check()':
~/v0.7.31-src/.work/mlx/mlx/error.h:39:36: warning: 'std::shared_ptr<_Tp> std::atomic_exchange(shared_ptr<_Tp>*, shared_ptr<_Tp>) [with _Tp = __cxx11::basic_string<char>]' is deprecated: use 'std::atomic<std::shared_ptr<T>>' instead [-Wdeprecated-declarations]
   39 |     auto msg = std::atomic_exchange(&message_, {});
      |                ~~~~~~~~~~~~~~~~~~~~^~~~~~~~~~~~~~~
/usr/include/c++/16.1.1/bits/shared_ptr_atomic.h:225:5: note: declared here
  225 |     atomic_exchange(shared_ptr<_Tp>* __p, shared_ptr<_Tp> __r)
      |     ^~~~~~~~~~~~~~~
[ 94%] Building CXX object CMakeFiles/mlx.dir/mlx/backend/cpu/encoder.cpp.o
In file included from ~/v0.7.31-src/.work/mlx/mlx/event.h:8,
                 from ~/v0.7.31-src/.work/mlx/mlx/array.h:14,
                 from ~/v0.7.31-src/.work/mlx/mlx/backend/cpu/encoder.h:7,
                 from ~/v0.7.31-src/.work/mlx/mlx/backend/cpu/encoder.cpp:3:
~/v0.7.31-src/.work/mlx/mlx/error.h: In member function 'void mlx::core::Error::set_message(Message)':
~/v0.7.31-src/.work/mlx/mlx/error.h:17:22: warning: 'void std::atomic_store(shared_ptr<_Tp>*, shared_ptr<_Tp>) [with _Tp = __cxx11::basic_string<char>]' is deprecated: use 'std::atomic<std::shared_ptr<T>>' instead [-Wdeprecated-declarations]
   17 |     std::atomic_store(&message_, std::move(msg));
      |     ~~~~~~~~~~~~~~~~~^~~~~~~~~~~~~~~~~~~~~~~~~~~
In file included from /usr/include/c++/16.1.1/memory:83,
                 from ~/v0.7.31-src/.work/mlx/mlx/array.h:7:
/usr/include/c++/16.1.1/bits/shared_ptr_atomic.h:183:5: note: declared here
  183 |     atomic_store(shared_ptr<_Tp>* __p, shared_ptr<_Tp> __r)
      |     ^~~~~~~~~~~~
~/v0.7.31-src/.work/mlx/mlx/error.h: In member function 'bool mlx::core::Error::valid() const':
~/v0.7.31-src/.work/mlx/mlx/error.h:21:32: warning: 'std::shared_ptr<_Tp> std::atomic_load(const shared_ptr<_Tp>*) [with _Tp = __cxx11::basic_string<char>]' is deprecated: use 'std::atomic<std::shared_ptr<T>>' instead [-Wdeprecated-declarations]
   21 |     auto msg = std::atomic_load(&message_);
      |                ~~~~~~~~~~~~~~~~^~~~~~~~~~~
/usr/include/c++/16.1.1/bits/shared_ptr_atomic.h:142:5: note: declared here
  142 |     atomic_load(const shared_ptr<_Tp>* __p)
      |     ^~~~~~~~~~~
~/v0.7.31-src/.work/mlx/mlx/error.h: In member function 'bool mlx::core::Error::store_if_valid(const mlx::core::Error*)':
~/v0.7.31-src/.work/mlx/mlx/error.h:28:37: warning: 'std::shared_ptr<_Tp> std::atomic_load(const shared_ptr<_Tp>*) [with _Tp = __cxx11::basic_string<char>]' is deprecated: use 'std::atomic<std::shared_ptr<T>>' instead [-Wdeprecated-declarations]
   28 |       Message msg = std::atomic_load(&ptr->message_);
      |                     ~~~~~~~~~~~~~~~~^~~~~~~~~~~~~~~~
/usr/include/c++/16.1.1/bits/shared_ptr_atomic.h:142:5: note: declared here
  142 |     atomic_load(const shared_ptr<_Tp>* __p)
      |     ^~~~~~~~~~~
~/v0.7.31-src/.work/mlx/mlx/error.h: In member function 'void mlx::core::Error::check()':
~/v0.7.31-src/.work/mlx/mlx/error.h:39:36: warning: 'std::shared_ptr<_Tp> std::atomic_exchange(shared_ptr<_Tp>*, shared_ptr<_Tp>) [with _Tp = __cxx11::basic_string<char>]' is deprecated: use 'std::atomic<std::shared_ptr<T>>' instead [-Wdeprecated-declarations]
   39 |     auto msg = std::atomic_exchange(&message_, {});
      |                ~~~~~~~~~~~~~~~~~~~~^~~~~~~~~~~~~~~
/usr/include/c++/16.1.1/bits/shared_ptr_atomic.h:225:5: note: declared here
  225 |     atomic_exchange(shared_ptr<_Tp>* __p, shared_ptr<_Tp> __r)
      |     ^~~~~~~~~~~~~~~
[ 94%] Building CXX object CMakeFiles/mlx.dir/mlx/backend/cpu/fft.cpp.o
In file included from ~/v0.7.31-src/.work/mlx/mlx/event.h:8,
                 from ~/v0.7.31-src/.work/mlx/mlx/array.h:14,
                 from ~/v0.7.31-src/.work/mlx/mlx/backend/cpu/encoder.h:7,
                 from ~/v0.7.31-src/.work/mlx/mlx/backend/cpu/fft.cpp:7:
~/v0.7.31-src/.work/mlx/mlx/error.h: In member function 'void mlx::core::Error::set_message(Message)':
~/v0.7.31-src/.work/mlx/mlx/error.h:17:22: warning: 'void std::atomic_store(shared_ptr<_Tp>*, shared_ptr<_Tp>) [with _Tp = __cxx11::basic_string<char>]' is deprecated: use 'std::atomic<std::shared_ptr<T>>' instead [-Wdeprecated-declarations]
   17 |     std::atomic_store(&message_, std::move(msg));
      |     ~~~~~~~~~~~~~~~~~^~~~~~~~~~~~~~~~~~~~~~~~~~~
In file included from /usr/include/c++/16.1.1/memory:83,
                 from ~/v0.7.31-src/.work/mlx/mlx/3rdparty/pocketfft.h:57,
                 from ~/v0.7.31-src/.work/mlx/mlx/backend/cpu/fft.cpp:5:
/usr/include/c++/16.1.1/bits/shared_ptr_atomic.h:183:5: note: declared here
  183 |     atomic_store(shared_ptr<_Tp>* __p, shared_ptr<_Tp> __r)
      |     ^~~~~~~~~~~~
~/v0.7.31-src/.work/mlx/mlx/error.h: In member function 'bool mlx::core::Error::valid() const':
~/v0.7.31-src/.work/mlx/mlx/error.h:21:32: warning: 'std::shared_ptr<_Tp> std::atomic_load(const shared_ptr<_Tp>*) [with _Tp = __cxx11::basic_string<char>]' is deprecated: use 'std::atomic<std::shared_ptr<T>>' instead [-Wdeprecated-declarations]
   21 |     auto msg = std::atomic_load(&message_);
      |                ~~~~~~~~~~~~~~~~^~~~~~~~~~~
/usr/include/c++/16.1.1/bits/shared_ptr_atomic.h:142:5: note: declared here
  142 |     atomic_load(const shared_ptr<_Tp>* __p)
      |     ^~~~~~~~~~~
~/v0.7.31-src/.work/mlx/mlx/error.h: In member function 'bool mlx::core::Error::store_if_valid(const mlx::core::Error*)':
~/v0.7.31-src/.work/mlx/mlx/error.h:28:37: warning: 'std::shared_ptr<_Tp> std::atomic_load(const shared_ptr<_Tp>*) [with _Tp = __cxx11::basic_string<char>]' is deprecated: use 'std::atomic<std::shared_ptr<T>>' instead [-Wdeprecated-declarations]
   28 |       Message msg = std::atomic_load(&ptr->message_);
      |                     ~~~~~~~~~~~~~~~~^~~~~~~~~~~~~~~~
/usr/include/c++/16.1.1/bits/shared_ptr_atomic.h:142:5: note: declared here
  142 |     atomic_load(const shared_ptr<_Tp>* __p)
      |     ^~~~~~~~~~~
~/v0.7.31-src/.work/mlx/mlx/error.h: In member function 'void mlx::core::Error::check()':
~/v0.7.31-src/.work/mlx/mlx/error.h:39:36: warning: 'std::shared_ptr<_Tp> std::atomic_exchange(shared_ptr<_Tp>*, shared_ptr<_Tp>) [with _Tp = __cxx11::basic_string<char>]' is deprecated: use 'std::atomic<std::shared_ptr<T>>' instead [-Wdeprecated-declarations]
   39 |     auto msg = std::atomic_exchange(&message_, {});
      |                ~~~~~~~~~~~~~~~~~~~~^~~~~~~~~~~~~~~
/usr/include/c++/16.1.1/bits/shared_ptr_atomic.h:225:5: note: declared here
  225 |     atomic_exchange(shared_ptr<_Tp>* __p, shared_ptr<_Tp> __r)
      |     ^~~~~~~~~~~~~~~
[ 94%] Building CXX object CMakeFiles/mlx.dir/mlx/backend/cpu/hadamard.cpp.o
In file included from ~/v0.7.31-src/.work/mlx/mlx/event.h:8,
                 from ~/v0.7.31-src/.work/mlx/mlx/array.h:14,
                 from ~/v0.7.31-src/.work/mlx/mlx/utils.h:14,
                 from ~/v0.7.31-src/.work/mlx/mlx/backend/common/hadamard.h:7,
                 from ~/v0.7.31-src/.work/mlx/mlx/backend/cpu/hadamard.cpp:5:
~/v0.7.31-src/.work/mlx/mlx/error.h: In member function 'void mlx::core::Error::set_message(Message)':
~/v0.7.31-src/.work/mlx/mlx/error.h:17:22: warning: 'void std::atomic_store(shared_ptr<_Tp>*, shared_ptr<_Tp>) [with _Tp = __cxx11::basic_string<char>]' is deprecated: use 'std::atomic<std::shared_ptr<T>>' instead [-Wdeprecated-declarations]
   17 |     std::atomic_store(&message_, std::move(msg));
      |     ~~~~~~~~~~~~~~~~~^~~~~~~~~~~~~~~~~~~~~~~~~~~
In file included from /usr/include/c++/16.1.1/memory:83,
                 from ~/v0.7.31-src/.work/mlx/mlx/array.h:7:
/usr/include/c++/16.1.1/bits/shared_ptr_atomic.h:183:5: note: declared here
  183 |     atomic_store(shared_ptr<_Tp>* __p, shared_ptr<_Tp> __r)
      |     ^~~~~~~~~~~~
~/v0.7.31-src/.work/mlx/mlx/error.h: In member function 'bool mlx::core::Error::valid() const':
~/v0.7.31-src/.work/mlx/mlx/error.h:21:32: warning: 'std::shared_ptr<_Tp> std::atomic_load(const shared_ptr<_Tp>*) [with _Tp = __cxx11::basic_string<char>]' is deprecated: use 'std::atomic<std::shared_ptr<T>>' instead [-Wdeprecated-declarations]
   21 |     auto msg = std::atomic_load(&message_);
      |                ~~~~~~~~~~~~~~~~^~~~~~~~~~~
/usr/include/c++/16.1.1/bits/shared_ptr_atomic.h:142:5: note: declared here
  142 |     atomic_load(const shared_ptr<_Tp>* __p)
      |     ^~~~~~~~~~~
~/v0.7.31-src/.work/mlx/mlx/error.h: In member function 'bool mlx::core::Error::store_if_valid(const mlx::core::Error*)':
~/v0.7.31-src/.work/mlx/mlx/error.h:28:37: warning: 'std::shared_ptr<_Tp> std::atomic_load(const shared_ptr<_Tp>*) [with _Tp = __cxx11::basic_string<char>]' is deprecated: use 'std::atomic<std::shared_ptr<T>>' instead [-Wdeprecated-declarations]
   28 |       Message msg = std::atomic_load(&ptr->message_);
      |                     ~~~~~~~~~~~~~~~~^~~~~~~~~~~~~~~~
/usr/include/c++/16.1.1/bits/shared_ptr_atomic.h:142:5: note: declared here
  142 |     atomic_load(const shared_ptr<_Tp>* __p)
      |     ^~~~~~~~~~~
~/v0.7.31-src/.work/mlx/mlx/error.h: In member function 'void mlx::core::Error::check()':
~/v0.7.31-src/.work/mlx/mlx/error.h:39:36: warning: 'std::shared_ptr<_Tp> std::atomic_exchange(shared_ptr<_Tp>*, shared_ptr<_Tp>) [with _Tp = __cxx11::basic_string<char>]' is deprecated: use 'std::atomic<std::shared_ptr<T>>' instead [-Wdeprecated-declarations]
   39 |     auto msg = std::atomic_exchange(&message_, {});
      |                ~~~~~~~~~~~~~~~~~~~~^~~~~~~~~~~~~~~
/usr/include/c++/16.1.1/bits/shared_ptr_atomic.h:225:5: note: declared here
  225 |     atomic_exchange(shared_ptr<_Tp>* __p, shared_ptr<_Tp> __r)
      |     ^~~~~~~~~~~~~~~
[ 94%] Building CXX object CMakeFiles/mlx.dir/mlx/backend/cpu/matmul.cpp.o
In file included from ~/v0.7.31-src/.work/mlx/mlx/event.h:8,
                 from ~/v0.7.31-src/.work/mlx/mlx/array.h:14,
                 from ~/v0.7.31-src/.work/mlx/mlx/backend/cpu/matmul.cpp:4:
~/v0.7.31-src/.work/mlx/mlx/error.h: In member function 'void mlx::core::Error::set_message(Message)':
~/v0.7.31-src/.work/mlx/mlx/error.h:17:22: warning: 'void std::atomic_store(shared_ptr<_Tp>*, shared_ptr<_Tp>) [with _Tp = __cxx11::basic_string<char>]' is deprecated: use 'std::atomic<std::shared_ptr<T>>' instead [-Wdeprecated-declarations]
   17 |     std::atomic_store(&message_, std::move(msg));
      |     ~~~~~~~~~~~~~~~~~^~~~~~~~~~~~~~~~~~~~~~~~~~~
In file included from /usr/include/c++/16.1.1/memory:83,
                 from ~/v0.7.31-src/.work/mlx/mlx/array.h:7:
/usr/include/c++/16.1.1/bits/shared_ptr_atomic.h:183:5: note: declared here
  183 |     atomic_store(shared_ptr<_Tp>* __p, shared_ptr<_Tp> __r)
      |     ^~~~~~~~~~~~
~/v0.7.31-src/.work/mlx/mlx/error.h: In member function 'bool mlx::core::Error::valid() const':
~/v0.7.31-src/.work/mlx/mlx/error.h:21:32: warning: 'std::shared_ptr<_Tp> std::atomic_load(const shared_ptr<_Tp>*) [with _Tp = __cxx11::basic_string<char>]' is deprecated: use 'std::atomic<std::shared_ptr<T>>' instead [-Wdeprecated-declarations]
   21 |     auto msg = std::atomic_load(&message_);
      |                ~~~~~~~~~~~~~~~~^~~~~~~~~~~
/usr/include/c++/16.1.1/bits/shared_ptr_atomic.h:142:5: note: declared here
  142 |     atomic_load(const shared_ptr<_Tp>* __p)
      |     ^~~~~~~~~~~
~/v0.7.31-src/.work/mlx/mlx/error.h: In member function 'bool mlx::core::Error::store_if_valid(const mlx::core::Error*)':
~/v0.7.31-src/.work/mlx/mlx/error.h:28:37: warning: 'std::shared_ptr<_Tp> std::atomic_load(const shared_ptr<_Tp>*) [with _Tp = __cxx11::basic_string<char>]' is deprecated: use 'std::atomic<std::shared_ptr<T>>' instead [-Wdeprecated-declarations]
   28 |       Message msg = std::atomic_load(&ptr->message_);
      |                     ~~~~~~~~~~~~~~~~^~~~~~~~~~~~~~~~
/usr/include/c++/16.1.1/bits/shared_ptr_atomic.h:142:5: note: declared here
  142 |     atomic_load(const shared_ptr<_Tp>* __p)
      |     ^~~~~~~~~~~
~/v0.7.31-src/.work/mlx/mlx/error.h: In member function 'void mlx::core::Error::check()':
~/v0.7.31-src/.work/mlx/mlx/error.h:39:36: warning: 'std::shared_ptr<_Tp> std::atomic_exchange(shared_ptr<_Tp>*, shared_ptr<_Tp>) [with _Tp = __cxx11::basic_string<char>]' is deprecated: use 'std::atomic<std::shared_ptr<T>>' instead [-Wdeprecated-declarations]
   39 |     auto msg = std::atomic_exchange(&message_, {});
      |                ~~~~~~~~~~~~~~~~~~~~^~~~~~~~~~~~~~~
/usr/include/c++/16.1.1/bits/shared_ptr_atomic.h:225:5: note: declared here
  225 |     atomic_exchange(shared_ptr<_Tp>* __p, shared_ptr<_Tp> __r)
      |     ^~~~~~~~~~~~~~~
[ 94%] Building CXX object CMakeFiles/mlx.dir/mlx/backend/cpu/gemms/cblas.cpp.o
In file included from ~/v0.7.31-src/.work/mlx/mlx/event.h:8,
                 from ~/v0.7.31-src/.work/mlx/mlx/array.h:14,
                 from ~/v0.7.31-src/.work/mlx/mlx/backend/common/utils.h:9,
                 from ~/v0.7.31-src/.work/mlx/mlx/backend/cpu/gemms/cblas.cpp:3:
~/v0.7.31-src/.work/mlx/mlx/error.h: In member function 'void mlx::core::Error::set_message(Message)':
~/v0.7.31-src/.work/mlx/mlx/error.h:17:22: warning: 'void std::atomic_store(shared_ptr<_Tp>*, shared_ptr<_Tp>) [with _Tp = __cxx11::basic_string<char>]' is deprecated: use 'std::atomic<std::shared_ptr<T>>' instead [-Wdeprecated-declarations]
   17 |     std::atomic_store(&message_, std::move(msg));
      |     ~~~~~~~~~~~~~~~~~^~~~~~~~~~~~~~~~~~~~~~~~~~~
In file included from /usr/include/c++/16.1.1/memory:83,
                 from ~/v0.7.31-src/.work/mlx/mlx/array.h:7:
/usr/include/c++/16.1.1/bits/shared_ptr_atomic.h:183:5: note: declared here
  183 |     atomic_store(shared_ptr<_Tp>* __p, shared_ptr<_Tp> __r)
      |     ^~~~~~~~~~~~
~/v0.7.31-src/.work/mlx/mlx/error.h: In member function 'bool mlx::core::Error::valid() const':
~/v0.7.31-src/.work/mlx/mlx/error.h:21:32: warning: 'std::shared_ptr<_Tp> std::atomic_load(const shared_ptr<_Tp>*) [with _Tp = __cxx11::basic_string<char>]' is deprecated: use 'std::atomic<std::shared_ptr<T>>' instead [-Wdeprecated-declarations]
   21 |     auto msg = std::atomic_load(&message_);
      |                ~~~~~~~~~~~~~~~~^~~~~~~~~~~
/usr/include/c++/16.1.1/bits/shared_ptr_atomic.h:142:5: note: declared here
  142 |     atomic_load(const shared_ptr<_Tp>* __p)
      |     ^~~~~~~~~~~
~/v0.7.31-src/.work/mlx/mlx/error.h: In member function 'bool mlx::core::Error::store_if_valid(const mlx::core::Error*)':
~/v0.7.31-src/.work/mlx/mlx/error.h:28:37: warning: 'std::shared_ptr<_Tp> std::atomic_load(const shared_ptr<_Tp>*) [with _Tp = __cxx11::basic_string<char>]' is deprecated: use 'std::atomic<std::shared_ptr<T>>' instead [-Wdeprecated-declarations]
   28 |       Message msg = std::atomic_load(&ptr->message_);
      |                     ~~~~~~~~~~~~~~~~^~~~~~~~~~~~~~~~
/usr/include/c++/16.1.1/bits/shared_ptr_atomic.h:142:5: note: declared here
  142 |     atomic_load(const shared_ptr<_Tp>* __p)
      |     ^~~~~~~~~~~
~/v0.7.31-src/.work/mlx/mlx/error.h: In member function 'void mlx::core::Error::check()':
~/v0.7.31-src/.work/mlx/mlx/error.h:39:36: warning: 'std::shared_ptr<_Tp> std::atomic_exchange(shared_ptr<_Tp>*, shared_ptr<_Tp>) [with _Tp = __cxx11::basic_string<char>]' is deprecated: use 'std::atomic<std::shared_ptr<T>>' instead [-Wdeprecated-declarations]
   39 |     auto msg = std::atomic_exchange(&message_, {});
      |                ~~~~~~~~~~~~~~~~~~~~^~~~~~~~~~~~~~~
/usr/include/c++/16.1.1/bits/shared_ptr_atomic.h:225:5: note: declared here
  225 |     atomic_exchange(shared_ptr<_Tp>* __p, shared_ptr<_Tp> __r)
      |     ^~~~~~~~~~~~~~~
[ 94%] Building CXX object CMakeFiles/mlx.dir/mlx/backend/cpu/masked_mm.cpp.o
In file included from ~/v0.7.31-src/.work/mlx/mlx/event.h:8,
                 from ~/v0.7.31-src/.work/mlx/mlx/array.h:14,
                 from ~/v0.7.31-src/.work/mlx/mlx/backend/cpu/masked_mm.cpp:5:
~/v0.7.31-src/.work/mlx/mlx/error.h: In member function 'void mlx::core::Error::set_message(Message)':
~/v0.7.31-src/.work/mlx/mlx/error.h:17:22: warning: 'void std::atomic_store(shared_ptr<_Tp>*, shared_ptr<_Tp>) [with _Tp = __cxx11::basic_string<char>]' is deprecated: use 'std::atomic<std::shared_ptr<T>>' instead [-Wdeprecated-declarations]
   17 |     std::atomic_store(&message_, std::move(msg));
      |     ~~~~~~~~~~~~~~~~~^~~~~~~~~~~~~~~~~~~~~~~~~~~
In file included from /usr/include/c++/16.1.1/memory:83,
                 from ~/v0.7.31-src/.work/mlx/mlx/array.h:7:
/usr/include/c++/16.1.1/bits/shared_ptr_atomic.h:183:5: note: declared here
  183 |     atomic_store(shared_ptr<_Tp>* __p, shared_ptr<_Tp> __r)
      |     ^~~~~~~~~~~~
~/v0.7.31-src/.work/mlx/mlx/error.h: In member function 'bool mlx::core::Error::valid() const':
~/v0.7.31-src/.work/mlx/mlx/error.h:21:32: warning: 'std::shared_ptr<_Tp> std::atomic_load(const shared_ptr<_Tp>*) [with _Tp = __cxx11::basic_string<char>]' is deprecated: use 'std::atomic<std::shared_ptr<T>>' instead [-Wdeprecated-declarations]
   21 |     auto msg = std::atomic_load(&message_);
      |                ~~~~~~~~~~~~~~~~^~~~~~~~~~~
/usr/include/c++/16.1.1/bits/shared_ptr_atomic.h:142:5: note: declared here
  142 |     atomic_load(const shared_ptr<_Tp>* __p)
      |     ^~~~~~~~~~~
~/v0.7.31-src/.work/mlx/mlx/error.h: In member function 'bool mlx::core::Error::store_if_valid(const mlx::core::Error*)':
~/v0.7.31-src/.work/mlx/mlx/error.h:28:37: warning: 'std::shared_ptr<_Tp> std::atomic_load(const shared_ptr<_Tp>*) [with _Tp = __cxx11::basic_string<char>]' is deprecated: use 'std::atomic<std::shared_ptr<T>>' instead [-Wdeprecated-declarations]
   28 |       Message msg = std::atomic_load(&ptr->message_);
      |                     ~~~~~~~~~~~~~~~~^~~~~~~~~~~~~~~~
/usr/include/c++/16.1.1/bits/shared_ptr_atomic.h:142:5: note: declared here
  142 |     atomic_load(const shared_ptr<_Tp>* __p)
      |     ^~~~~~~~~~~
~/v0.7.31-src/.work/mlx/mlx/error.h: In member function 'void mlx::core::Error::check()':
~/v0.7.31-src/.work/mlx/mlx/error.h:39:36: warning: 'std::shared_ptr<_Tp> std::atomic_exchange(shared_ptr<_Tp>*, shared_ptr<_Tp>) [with _Tp = __cxx11::basic_string<char>]' is deprecated: use 'std::atomic<std::shared_ptr<T>>' instead [-Wdeprecated-declarations]
   39 |     auto msg = std::atomic_exchange(&message_, {});
      |                ~~~~~~~~~~~~~~~~~~~~^~~~~~~~~~~~~~~
/usr/include/c++/16.1.1/bits/shared_ptr_atomic.h:225:5: note: declared here
  225 |     atomic_exchange(shared_ptr<_Tp>* __p, shared_ptr<_Tp> __r)
      |     ^~~~~~~~~~~~~~~
[ 94%] Building CXX object CMakeFiles/mlx.dir/mlx/backend/cpu/primitives.cpp.o
In file included from ~/v0.7.31-src/.work/mlx/mlx/event.h:8,
                 from ~/v0.7.31-src/.work/mlx/mlx/array.h:14,
                 from ~/v0.7.31-src/.work/mlx/mlx/backend/common/slicing.h:5,
                 from ~/v0.7.31-src/.work/mlx/mlx/backend/cpu/primitives.cpp:11:
~/v0.7.31-src/.work/mlx/mlx/error.h: In member function 'void mlx::core::Error::set_message(Message)':
~/v0.7.31-src/.work/mlx/mlx/error.h:17:22: warning: 'void std::atomic_store(shared_ptr<_Tp>*, shared_ptr<_Tp>) [with _Tp = __cxx11::basic_string<char>]' is deprecated: use 'std::atomic<std::shared_ptr<T>>' instead [-Wdeprecated-declarations]
   17 |     std::atomic_store(&message_, std::move(msg));
      |     ~~~~~~~~~~~~~~~~~^~~~~~~~~~~~~~~~~~~~~~~~~~~
In file included from /usr/include/c++/16.1.1/memory:83,
                 from ~/v0.7.31-src/.work/mlx/mlx/array.h:7:
/usr/include/c++/16.1.1/bits/shared_ptr_atomic.h:183:5: note: declared here
  183 |     atomic_store(shared_ptr<_Tp>* __p, shared_ptr<_Tp> __r)
      |     ^~~~~~~~~~~~
~/v0.7.31-src/.work/mlx/mlx/error.h: In member function 'bool mlx::core::Error::valid() const':
~/v0.7.31-src/.work/mlx/mlx/error.h:21:32: warning: 'std::shared_ptr<_Tp> std::atomic_load(const shared_ptr<_Tp>*) [with _Tp = __cxx11::basic_string<char>]' is deprecated: use 'std::atomic<std::shared_ptr<T>>' instead [-Wdeprecated-declarations]
   21 |     auto msg = std::atomic_load(&message_);
      |                ~~~~~~~~~~~~~~~~^~~~~~~~~~~
/usr/include/c++/16.1.1/bits/shared_ptr_atomic.h:142:5: note: declared here
  142 |     atomic_load(const shared_ptr<_Tp>* __p)
      |     ^~~~~~~~~~~
~/v0.7.31-src/.work/mlx/mlx/error.h: In member function 'bool mlx::core::Error::store_if_valid(const mlx::core::Error*)':
~/v0.7.31-src/.work/mlx/mlx/error.h:28:37: warning: 'std::shared_ptr<_Tp> std::atomic_load(const shared_ptr<_Tp>*) [with _Tp = __cxx11::basic_string<char>]' is deprecated: use 'std::atomic<std::shared_ptr<T>>' instead [-Wdeprecated-declarations]
   28 |       Message msg = std::atomic_load(&ptr->message_);
      |                     ~~~~~~~~~~~~~~~~^~~~~~~~~~~~~~~~
/usr/include/c++/16.1.1/bits/shared_ptr_atomic.h:142:5: note: declared here
  142 |     atomic_load(const shared_ptr<_Tp>* __p)
      |     ^~~~~~~~~~~
~/v0.7.31-src/.work/mlx/mlx/error.h: In member function 'void mlx::core::Error::check()':
~/v0.7.31-src/.work/mlx/mlx/error.h:39:36: warning: 'std::shared_ptr<_Tp> std::atomic_exchange(shared_ptr<_Tp>*, shared_ptr<_Tp>) [with _Tp = __cxx11::basic_string<char>]' is deprecated: use 'std::atomic<std::shared_ptr<T>>' instead [-Wdeprecated-declarations]
   39 |     auto msg = std::atomic_exchange(&message_, {});
      |                ~~~~~~~~~~~~~~~~~~~~^~~~~~~~~~~~~~~
/usr/include/c++/16.1.1/bits/shared_ptr_atomic.h:225:5: note: declared here
  225 |     atomic_exchange(shared_ptr<_Tp>* __p, shared_ptr<_Tp> __r)
      |     ^~~~~~~~~~~~~~~
[ 94%] Building CXX object CMakeFiles/mlx.dir/mlx/backend/cpu/quantized.cpp.o
In file included from ~/v0.7.31-src/.work/mlx/mlx/event.h:8,
                 from ~/v0.7.31-src/.work/mlx/mlx/array.h:14,
                 from ~/v0.7.31-src/.work/mlx/mlx/backend/common/utils.h:9,
                 from ~/v0.7.31-src/.work/mlx/mlx/backend/common/unary.h:6,
                 from ~/v0.7.31-src/.work/mlx/mlx/backend/cpu/quantized.cpp:4:
~/v0.7.31-src/.work/mlx/mlx/error.h: In member function 'void mlx::core::Error::set_message(Message)':
~/v0.7.31-src/.work/mlx/mlx/error.h:17:22: warning: 'void std::atomic_store(shared_ptr<_Tp>*, shared_ptr<_Tp>) [with _Tp = __cxx11::basic_string<char>]' is deprecated: use 'std::atomic<std::shared_ptr<T>>' instead [-Wdeprecated-declarations]
   17 |     std::atomic_store(&message_, std::move(msg));
      |     ~~~~~~~~~~~~~~~~~^~~~~~~~~~~~~~~~~~~~~~~~~~~
In file included from /usr/include/c++/16.1.1/memory:83,
                 from ~/v0.7.31-src/.work/mlx/mlx/array.h:7:
/usr/include/c++/16.1.1/bits/shared_ptr_atomic.h:183:5: note: declared here
  183 |     atomic_store(shared_ptr<_Tp>* __p, shared_ptr<_Tp> __r)
      |     ^~~~~~~~~~~~
~/v0.7.31-src/.work/mlx/mlx/error.h: In member function 'bool mlx::core::Error::valid() const':
~/v0.7.31-src/.work/mlx/mlx/error.h:21:32: warning: 'std::shared_ptr<_Tp> std::atomic_load(const shared_ptr<_Tp>*) [with _Tp = __cxx11::basic_string<char>]' is deprecated: use 'std::atomic<std::shared_ptr<T>>' instead [-Wdeprecated-declarations]
   21 |     auto msg = std::atomic_load(&message_);
      |                ~~~~~~~~~~~~~~~~^~~~~~~~~~~
/usr/include/c++/16.1.1/bits/shared_ptr_atomic.h:142:5: note: declared here
  142 |     atomic_load(const shared_ptr<_Tp>* __p)
      |     ^~~~~~~~~~~
~/v0.7.31-src/.work/mlx/mlx/error.h: In member function 'bool mlx::core::Error::store_if_valid(const mlx::core::Error*)':
~/v0.7.31-src/.work/mlx/mlx/error.h:28:37: warning: 'std::shared_ptr<_Tp> std::atomic_load(const shared_ptr<_Tp>*) [with _Tp = __cxx11::basic_string<char>]' is deprecated: use 'std::atomic<std::shared_ptr<T>>' instead [-Wdeprecated-declarations]
   28 |       Message msg = std::atomic_load(&ptr->message_);
      |                     ~~~~~~~~~~~~~~~~^~~~~~~~~~~~~~~~
/usr/include/c++/16.1.1/bits/shared_ptr_atomic.h:142:5: note: declared here
  142 |     atomic_load(const shared_ptr<_Tp>* __p)
      |     ^~~~~~~~~~~
~/v0.7.31-src/.work/mlx/mlx/error.h: In member function 'void mlx::core::Error::check()':
~/v0.7.31-src/.work/mlx/mlx/error.h:39:36: warning: 'std::shared_ptr<_Tp> std::atomic_exchange(shared_ptr<_Tp>*, shared_ptr<_Tp>) [with _Tp = __cxx11::basic_string<char>]' is deprecated: use 'std::atomic<std::shared_ptr<T>>' instead [-Wdeprecated-declarations]
   39 |     auto msg = std::atomic_exchange(&message_, {});
      |                ~~~~~~~~~~~~~~~~~~~~^~~~~~~~~~~~~~~
/usr/include/c++/16.1.1/bits/shared_ptr_atomic.h:225:5: note: declared here
  225 |     atomic_exchange(shared_ptr<_Tp>* __p, shared_ptr<_Tp> __r)
      |     ^~~~~~~~~~~~~~~
[ -3%] Building CXX object CMakeFiles/mlx.dir/mlx/backend/cpu/reduce.cpp.o
In file included from ~/v0.7.31-src/.work/mlx/mlx/event.h:8,
                 from ~/v0.7.31-src/.work/mlx/mlx/array.h:14,
                 from ~/v0.7.31-src/.work/mlx/mlx/backend/common/utils.h:9,
                 from ~/v0.7.31-src/.work/mlx/mlx/backend/common/reduce.h:5,
                 from ~/v0.7.31-src/.work/mlx/mlx/backend/cpu/reduce.cpp:7:
~/v0.7.31-src/.work/mlx/mlx/error.h: In member function 'void mlx::core::Error::set_message(Message)':
~/v0.7.31-src/.work/mlx/mlx/error.h:17:22: warning: 'void std::atomic_store(shared_ptr<_Tp>*, shared_ptr<_Tp>) [with _Tp = __cxx11::basic_string<char>]' is deprecated: use 'std::atomic<std::shared_ptr<T>>' instead [-Wdeprecated-declarations]
   17 |     std::atomic_store(&message_, std::move(msg));
      |     ~~~~~~~~~~~~~~~~~^~~~~~~~~~~~~~~~~~~~~~~~~~~
In file included from /usr/include/c++/16.1.1/memory:83,
                 from ~/v0.7.31-src/.work/mlx/mlx/array.h:7:
/usr/include/c++/16.1.1/bits/shared_ptr_atomic.h:183:5: note: declared here
  183 |     atomic_store(shared_ptr<_Tp>* __p, shared_ptr<_Tp> __r)
      |     ^~~~~~~~~~~~
~/v0.7.31-src/.work/mlx/mlx/error.h: In member function 'bool mlx::core::Error::valid() const':
~/v0.7.31-src/.work/mlx/mlx/error.h:21:32: warning: 'std::shared_ptr<_Tp> std::atomic_load(const shared_ptr<_Tp>*) [with _Tp = __cxx11::basic_string<char>]' is deprecated: use 'std::atomic<std::shared_ptr<T>>' instead [-Wdeprecated-declarations]
   21 |     auto msg = std::atomic_load(&message_);
      |                ~~~~~~~~~~~~~~~~^~~~~~~~~~~
/usr/include/c++/16.1.1/bits/shared_ptr_atomic.h:142:5: note: declared here
  142 |     atomic_load(const shared_ptr<_Tp>* __p)
      |     ^~~~~~~~~~~
~/v0.7.31-src/.work/mlx/mlx/error.h: In member function 'bool mlx::core::Error::store_if_valid(const mlx::core::Error*)':
~/v0.7.31-src/.work/mlx/mlx/error.h:28:37: warning: 'std::shared_ptr<_Tp> std::atomic_load(const shared_ptr<_Tp>*) [with _Tp = __cxx11::basic_string<char>]' is deprecated: use 'std::atomic<std::shared_ptr<T>>' instead [-Wdeprecated-declarations]
   28 |       Message msg = std::atomic_load(&ptr->message_);
      |                     ~~~~~~~~~~~~~~~~^~~~~~~~~~~~~~~~
/usr/include/c++/16.1.1/bits/shared_ptr_atomic.h:142:5: note: declared here
  142 |     atomic_load(const shared_ptr<_Tp>* __p)
      |     ^~~~~~~~~~~
~/v0.7.31-src/.work/mlx/mlx/error.h: In member function 'void mlx::core::Error::check()':
~/v0.7.31-src/.work/mlx/mlx/error.h:39:36: warning: 'std::shared_ptr<_Tp> std::atomic_exchange(shared_ptr<_Tp>*, shared_ptr<_Tp>) [with _Tp = __cxx11::basic_string<char>]' is deprecated: use 'std::atomic<std::shared_ptr<T>>' instead [-Wdeprecated-declarations]
   39 |     auto msg = std::atomic_exchange(&message_, {});
      |                ~~~~~~~~~~~~~~~~~~~~^~~~~~~~~~~~~~~
/usr/include/c++/16.1.1/bits/shared_ptr_atomic.h:225:5: note: declared here
  225 |     atomic_exchange(shared_ptr<_Tp>* __p, shared_ptr<_Tp> __r)
      |     ^~~~~~~~~~~~~~~
[ 94%] Building CXX object CMakeFiles/mlx.dir/mlx/backend/cpu/scan.cpp.o
In file included from ~/v0.7.31-src/.work/mlx/mlx/event.h:8,
                 from ~/v0.7.31-src/.work/mlx/mlx/array.h:14,
                 from ~/v0.7.31-src/.work/mlx/mlx/backend/common/utils.h:9,
                 from ~/v0.7.31-src/.work/mlx/mlx/backend/cpu/scan.cpp:5:
~/v0.7.31-src/.work/mlx/mlx/error.h: In member function 'void mlx::core::Error::set_message(Message)':
~/v0.7.31-src/.work/mlx/mlx/error.h:17:22: warning: 'void std::atomic_store(shared_ptr<_Tp>*, shared_ptr<_Tp>) [with _Tp = __cxx11::basic_string<char>]' is deprecated: use 'std::atomic<std::shared_ptr<T>>' instead [-Wdeprecated-declarations]
   17 |     std::atomic_store(&message_, std::move(msg));
      |     ~~~~~~~~~~~~~~~~~^~~~~~~~~~~~~~~~~~~~~~~~~~~
In file included from /usr/include/c++/16.1.1/memory:83,
                 from ~/v0.7.31-src/.work/mlx/mlx/array.h:7:
/usr/include/c++/16.1.1/bits/shared_ptr_atomic.h:183:5: note: declared here
  183 |     atomic_store(shared_ptr<_Tp>* __p, shared_ptr<_Tp> __r)
      |     ^~~~~~~~~~~~
~/v0.7.31-src/.work/mlx/mlx/error.h: In member function 'bool mlx::core::Error::valid() const':
~/v0.7.31-src/.work/mlx/mlx/error.h:21:32: warning: 'std::shared_ptr<_Tp> std::atomic_load(const shared_ptr<_Tp>*) [with _Tp = __cxx11::basic_string<char>]' is deprecated: use 'std::atomic<std::shared_ptr<T>>' instead [-Wdeprecated-declarations]
   21 |     auto msg = std::atomic_load(&message_);
      |                ~~~~~~~~~~~~~~~~^~~~~~~~~~~
/usr/include/c++/16.1.1/bits/shared_ptr_atomic.h:142:5: note: declared here
  142 |     atomic_load(const shared_ptr<_Tp>* __p)
      |     ^~~~~~~~~~~
~/v0.7.31-src/.work/mlx/mlx/error.h: In member function 'bool mlx::core::Error::store_if_valid(const mlx::core::Error*)':
~/v0.7.31-src/.work/mlx/mlx/error.h:28:37: warning: 'std::shared_ptr<_Tp> std::atomic_load(const shared_ptr<_Tp>*) [with _Tp = __cxx11::basic_string<char>]' is deprecated: use 'std::atomic<std::shared_ptr<T>>' instead [-Wdeprecated-declarations]
   28 |       Message msg = std::atomic_load(&ptr->message_);
      |                     ~~~~~~~~~~~~~~~~^~~~~~~~~~~~~~~~
/usr/include/c++/16.1.1/bits/shared_ptr_atomic.h:142:5: note: declared here
  142 |     atomic_load(const shared_ptr<_Tp>* __p)
      |     ^~~~~~~~~~~
~/v0.7.31-src/.work/mlx/mlx/error.h: In member function 'void mlx::core::Error::check()':
~/v0.7.31-src/.work/mlx/mlx/error.h:39:36: warning: 'std::shared_ptr<_Tp> std::atomic_exchange(shared_ptr<_Tp>*, shared_ptr<_Tp>) [with _Tp = __cxx11::basic_string<char>]' is deprecated: use 'std::atomic<std::shared_ptr<T>>' instead [-Wdeprecated-declarations]
   39 |     auto msg = std::atomic_exchange(&message_, {});
      |                ~~~~~~~~~~~~~~~~~~~~^~~~~~~~~~~~~~~
/usr/include/c++/16.1.1/bits/shared_ptr_atomic.h:225:5: note: declared here
  225 |     atomic_exchange(shared_ptr<_Tp>* __p, shared_ptr<_Tp> __r)
      |     ^~~~~~~~~~~~~~~
[ 94%] Building CXX object CMakeFiles/mlx.dir/mlx/backend/cpu/select.cpp.o
In file included from ~/v0.7.31-src/.work/mlx/mlx/event.h:8,
                 from ~/v0.7.31-src/.work/mlx/mlx/array.h:14,
                 from ~/v0.7.31-src/.work/mlx/mlx/backend/cpu/ternary.h:4,
                 from ~/v0.7.31-src/.work/mlx/mlx/backend/cpu/select.cpp:6:
~/v0.7.31-src/.work/mlx/mlx/error.h: In member function 'void mlx::core::Error::set_message(Message)':
~/v0.7.31-src/.work/mlx/mlx/error.h:17:22: warning: 'void std::atomic_store(shared_ptr<_Tp>*, shared_ptr<_Tp>) [with _Tp = __cxx11::basic_string<char>]' is deprecated: use 'std::atomic<std::shared_ptr<T>>' instead [-Wdeprecated-declarations]
   17 |     std::atomic_store(&message_, std::move(msg));
      |     ~~~~~~~~~~~~~~~~~^~~~~~~~~~~~~~~~~~~~~~~~~~~
In file included from /usr/include/c++/16.1.1/memory:83,
                 from ~/v0.7.31-src/.work/mlx/mlx/array.h:7:
/usr/include/c++/16.1.1/bits/shared_ptr_atomic.h:183:5: note: declared here
  183 |     atomic_store(shared_ptr<_Tp>* __p, shared_ptr<_Tp> __r)
      |     ^~~~~~~~~~~~
~/v0.7.31-src/.work/mlx/mlx/error.h: In member function 'bool mlx::core::Error::valid() const':
~/v0.7.31-src/.work/mlx/mlx/error.h:21:32: warning: 'std::shared_ptr<_Tp> std::atomic_load(const shared_ptr<_Tp>*) [with _Tp = __cxx11::basic_string<char>]' is deprecated: use 'std::atomic<std::shared_ptr<T>>' instead [-Wdeprecated-declarations]
   21 |     auto msg = std::atomic_load(&message_);
      |                ~~~~~~~~~~~~~~~~^~~~~~~~~~~
/usr/include/c++/16.1.1/bits/shared_ptr_atomic.h:142:5: note: declared here
  142 |     atomic_load(const shared_ptr<_Tp>* __p)
      |     ^~~~~~~~~~~
~/v0.7.31-src/.work/mlx/mlx/error.h: In member function 'bool mlx::core::Error::store_if_valid(const mlx::core::Error*)':
~/v0.7.31-src/.work/mlx/mlx/error.h:28:37: warning: 'std::shared_ptr<_Tp> std::atomic_load(const shared_ptr<_Tp>*) [with _Tp = __cxx11::basic_string<char>]' is deprecated: use 'std::atomic<std::shared_ptr<T>>' instead [-Wdeprecated-declarations]
   28 |       Message msg = std::atomic_load(&ptr->message_);
      |                     ~~~~~~~~~~~~~~~~^~~~~~~~~~~~~~~~
/usr/include/c++/16.1.1/bits/shared_ptr_atomic.h:142:5: note: declared here
  142 |     atomic_load(const shared_ptr<_Tp>* __p)
      |     ^~~~~~~~~~~
~/v0.7.31-src/.work/mlx/mlx/error.h: In member function 'void mlx::core::Error::check()':
~/v0.7.31-src/.work/mlx/mlx/error.h:39:36: warning: 'std::shared_ptr<_Tp> std::atomic_exchange(shared_ptr<_Tp>*, shared_ptr<_Tp>) [with _Tp = __cxx11::basic_string<char>]' is deprecated: use 'std::atomic<std::shared_ptr<T>>' instead [-Wdeprecated-declarations]
   39 |     auto msg = std::atomic_exchange(&message_, {});
      |                ~~~~~~~~~~~~~~~~~~~~^~~~~~~~~~~~~~~
/usr/include/c++/16.1.1/bits/shared_ptr_atomic.h:225:5: note: declared here
  225 |     atomic_exchange(shared_ptr<_Tp>* __p, shared_ptr<_Tp> __r)
      |     ^~~~~~~~~~~~~~~
[ 94%] Building CXX object CMakeFiles/mlx.dir/mlx/backend/cpu/softmax.cpp.o
In file included from ~/v0.7.31-src/.work/mlx/mlx/event.h:8,
                 from ~/v0.7.31-src/.work/mlx/mlx/array.h:14,
                 from ~/v0.7.31-src/.work/mlx/mlx/backend/cpu/copy.h:7,
                 from ~/v0.7.31-src/.work/mlx/mlx/backend/cpu/softmax.cpp:6:
~/v0.7.31-src/.work/mlx/mlx/error.h: In member function 'void mlx::core::Error::set_message(Message)':
~/v0.7.31-src/.work/mlx/mlx/error.h:17:22: warning: 'void std::atomic_store(shared_ptr<_Tp>*, shared_ptr<_Tp>) [with _Tp = __cxx11::basic_string<char>]' is deprecated: use 'std::atomic<std::shared_ptr<T>>' instead [-Wdeprecated-declarations]
   17 |     std::atomic_store(&message_, std::move(msg));
      |     ~~~~~~~~~~~~~~~~~^~~~~~~~~~~~~~~~~~~~~~~~~~~
In file included from /usr/include/c++/16.1.1/memory:83,
                 from ~/v0.7.31-src/.work/mlx/mlx/array.h:7:
/usr/include/c++/16.1.1/bits/shared_ptr_atomic.h:183:5: note: declared here
  183 |     atomic_store(shared_ptr<_Tp>* __p, shared_ptr<_Tp> __r)
      |     ^~~~~~~~~~~~
~/v0.7.31-src/.work/mlx/mlx/error.h: In member function 'bool mlx::core::Error::valid() const':
~/v0.7.31-src/.work/mlx/mlx/error.h:21:32: warning: 'std::shared_ptr<_Tp> std::atomic_load(const shared_ptr<_Tp>*) [with _Tp = __cxx11::basic_string<char>]' is deprecated: use 'std::atomic<std::shared_ptr<T>>' instead [-Wdeprecated-declarations]
   21 |     auto msg = std::atomic_load(&message_);
      |                ~~~~~~~~~~~~~~~~^~~~~~~~~~~
/usr/include/c++/16.1.1/bits/shared_ptr_atomic.h:142:5: note: declared here
  142 |     atomic_load(const shared_ptr<_Tp>* __p)
      |     ^~~~~~~~~~~
~/v0.7.31-src/.work/mlx/mlx/error.h: In member function 'bool mlx::core::Error::store_if_valid(const mlx::core::Error*)':
~/v0.7.31-src/.work/mlx/mlx/error.h:28:37: warning: 'std::shared_ptr<_Tp> std::atomic_load(const shared_ptr<_Tp>*) [with _Tp = __cxx11::basic_string<char>]' is deprecated: use 'std::atomic<std::shared_ptr<T>>' instead [-Wdeprecated-declarations]
   28 |       Message msg = std::atomic_load(&ptr->message_);
      |                     ~~~~~~~~~~~~~~~~^~~~~~~~~~~~~~~~
/usr/include/c++/16.1.1/bits/shared_ptr_atomic.h:142:5: note: declared here
  142 |     atomic_load(const shared_ptr<_Tp>* __p)
      |     ^~~~~~~~~~~
~/v0.7.31-src/.work/mlx/mlx/error.h: In member function 'void mlx::core::Error::check()':
~/v0.7.31-src/.work/mlx/mlx/error.h:39:36: warning: 'std::shared_ptr<_Tp> std::atomic_exchange(shared_ptr<_Tp>*, shared_ptr<_Tp>) [with _Tp = __cxx11::basic_string<char>]' is deprecated: use 'std::atomic<std::shared_ptr<T>>' instead [-Wdeprecated-declarations]
   39 |     auto msg = std::atomic_exchange(&message_, {});
      |                ~~~~~~~~~~~~~~~~~~~~^~~~~~~~~~~~~~~
/usr/include/c++/16.1.1/bits/shared_ptr_atomic.h:225:5: note: declared here
  225 |     atomic_exchange(shared_ptr<_Tp>* __p, shared_ptr<_Tp> __r)
      |     ^~~~~~~~~~~~~~~
[ 94%] Building CXX object CMakeFiles/mlx.dir/mlx/backend/cpu/logsumexp.cpp.o
In file included from ~/v0.7.31-src/.work/mlx/mlx/event.h:8,
                 from ~/v0.7.31-src/.work/mlx/mlx/array.h:14,
                 from ~/v0.7.31-src/.work/mlx/mlx/backend/cpu/copy.h:7,
                 from ~/v0.7.31-src/.work/mlx/mlx/backend/cpu/logsumexp.cpp:6:
~/v0.7.31-src/.work/mlx/mlx/error.h: In member function 'void mlx::core::Error::set_message(Message)':
~/v0.7.31-src/.work/mlx/mlx/error.h:17:22: warning: 'void std::atomic_store(shared_ptr<_Tp>*, shared_ptr<_Tp>) [with _Tp = __cxx11::basic_string<char>]' is deprecated: use 'std::atomic<std::shared_ptr<T>>' instead [-Wdeprecated-declarations]
   17 |     std::atomic_store(&message_, std::move(msg));
      |     ~~~~~~~~~~~~~~~~~^~~~~~~~~~~~~~~~~~~~~~~~~~~
In file included from /usr/include/c++/16.1.1/memory:83,
                 from ~/v0.7.31-src/.work/mlx/mlx/array.h:7:
/usr/include/c++/16.1.1/bits/shared_ptr_atomic.h:183:5: note: declared here
  183 |     atomic_store(shared_ptr<_Tp>* __p, shared_ptr<_Tp> __r)
      |     ^~~~~~~~~~~~
~/v0.7.31-src/.work/mlx/mlx/error.h: In member function 'bool mlx::core::Error::valid() const':
~/v0.7.31-src/.work/mlx/mlx/error.h:21:32: warning: 'std::shared_ptr<_Tp> std::atomic_load(const shared_ptr<_Tp>*) [with _Tp = __cxx11::basic_string<char>]' is deprecated: use 'std::atomic<std::shared_ptr<T>>' instead [-Wdeprecated-declarations]
   21 |     auto msg = std::atomic_load(&message_);
      |                ~~~~~~~~~~~~~~~~^~~~~~~~~~~
/usr/include/c++/16.1.1/bits/shared_ptr_atomic.h:142:5: note: declared here
  142 |     atomic_load(const shared_ptr<_Tp>* __p)
      |     ^~~~~~~~~~~
~/v0.7.31-src/.work/mlx/mlx/error.h: In member function 'bool mlx::core::Error::store_if_valid(const mlx::core::Error*)':
~/v0.7.31-src/.work/mlx/mlx/error.h:28:37: warning: 'std::shared_ptr<_Tp> std::atomic_load(const shared_ptr<_Tp>*) [with _Tp = __cxx11::basic_string<char>]' is deprecated: use 'std::atomic<std::shared_ptr<T>>' instead [-Wdeprecated-declarations]
   28 |       Message msg = std::atomic_load(&ptr->message_);
      |                     ~~~~~~~~~~~~~~~~^~~~~~~~~~~~~~~~
/usr/include/c++/16.1.1/bits/shared_ptr_atomic.h:142:5: note: declared here
  142 |     atomic_load(const shared_ptr<_Tp>* __p)
      |     ^~~~~~~~~~~
~/v0.7.31-src/.work/mlx/mlx/error.h: In member function 'void mlx::core::Error::check()':
~/v0.7.31-src/.work/mlx/mlx/error.h:39:36: warning: 'std::shared_ptr<_Tp> std::atomic_exchange(shared_ptr<_Tp>*, shared_ptr<_Tp>) [with _Tp = __cxx11::basic_string<char>]' is deprecated: use 'std::atomic<std::shared_ptr<T>>' instead [-Wdeprecated-declarations]
   39 |     auto msg = std::atomic_exchange(&message_, {});
      |                ~~~~~~~~~~~~~~~~~~~~^~~~~~~~~~~~~~~
/usr/include/c++/16.1.1/bits/shared_ptr_atomic.h:225:5: note: declared here
  225 |     atomic_exchange(shared_ptr<_Tp>* __p, shared_ptr<_Tp> __r)
      |     ^~~~~~~~~~~~~~~
[ 94%] Building CXX object CMakeFiles/mlx.dir/mlx/backend/cpu/sort.cpp.o
In file included from ~/v0.7.31-src/.work/mlx/mlx/event.h:8,
                 from ~/v0.7.31-src/.work/mlx/mlx/array.h:14,
                 from ~/v0.7.31-src/.work/mlx/mlx/backend/common/utils.h:9,
                 from ~/v0.7.31-src/.work/mlx/mlx/backend/cpu/sort.cpp:7:
~/v0.7.31-src/.work/mlx/mlx/error.h: In member function 'void mlx::core::Error::set_message(Message)':
~/v0.7.31-src/.work/mlx/mlx/error.h:17:22: warning: 'void std::atomic_store(shared_ptr<_Tp>*, shared_ptr<_Tp>) [with _Tp = __cxx11::basic_string<char>]' is deprecated: use 'std::atomic<std::shared_ptr<T>>' instead [-Wdeprecated-declarations]
   17 |     std::atomic_store(&message_, std::move(msg));
      |     ~~~~~~~~~~~~~~~~~^~~~~~~~~~~~~~~~~~~~~~~~~~~
In file included from /usr/include/c++/16.1.1/memory:83,
                 from ~/v0.7.31-src/.work/mlx/mlx/array.h:7:
/usr/include/c++/16.1.1/bits/shared_ptr_atomic.h:183:5: note: declared here
  183 |     atomic_store(shared_ptr<_Tp>* __p, shared_ptr<_Tp> __r)
      |     ^~~~~~~~~~~~
~/v0.7.31-src/.work/mlx/mlx/error.h: In member function 'bool mlx::core::Error::valid() const':
~/v0.7.31-src/.work/mlx/mlx/error.h:21:32: warning: 'std::shared_ptr<_Tp> std::atomic_load(const shared_ptr<_Tp>*) [with _Tp = __cxx11::basic_string<char>]' is deprecated: use 'std::atomic<std::shared_ptr<T>>' instead [-Wdeprecated-declarations]
   21 |     auto msg = std::atomic_load(&message_);
      |                ~~~~~~~~~~~~~~~~^~~~~~~~~~~
/usr/include/c++/16.1.1/bits/shared_ptr_atomic.h:142:5: note: declared here
  142 |     atomic_load(const shared_ptr<_Tp>* __p)
      |     ^~~~~~~~~~~
~/v0.7.31-src/.work/mlx/mlx/error.h: In member function 'bool mlx::core::Error::store_if_valid(const mlx::core::Error*)':
~/v0.7.31-src/.work/mlx/mlx/error.h:28:37: warning: 'std::shared_ptr<_Tp> std::atomic_load(const shared_ptr<_Tp>*) [with _Tp = __cxx11::basic_string<char>]' is deprecated: use 'std::atomic<std::shared_ptr<T>>' instead [-Wdeprecated-declarations]
   28 |       Message msg = std::atomic_load(&ptr->message_);
      |                     ~~~~~~~~~~~~~~~~^~~~~~~~~~~~~~~~
/usr/include/c++/16.1.1/bits/shared_ptr_atomic.h:142:5: note: declared here
  142 |     atomic_load(const shared_ptr<_Tp>* __p)
      |     ^~~~~~~~~~~
~/v0.7.31-src/.work/mlx/mlx/error.h: In member function 'void mlx::core::Error::check()':
~/v0.7.31-src/.work/mlx/mlx/error.h:39:36: warning: 'std::shared_ptr<_Tp> std::atomic_exchange(shared_ptr<_Tp>*, shared_ptr<_Tp>) [with _Tp = __cxx11::basic_string<char>]' is deprecated: use 'std::atomic<std::shared_ptr<T>>' instead [-Wdeprecated-declarations]
   39 |     auto msg = std::atomic_exchange(&message_, {});
      |                ~~~~~~~~~~~~~~~~~~~~^~~~~~~~~~~~~~~
/usr/include/c++/16.1.1/bits/shared_ptr_atomic.h:225:5: note: declared here
  225 |     atomic_exchange(shared_ptr<_Tp>* __p, shared_ptr<_Tp> __r)
      |     ^~~~~~~~~~~~~~~
[ 95%] Building CXX object CMakeFiles/mlx.dir/mlx/backend/cpu/threefry.cpp.o
[ 95%] Building CXX object CMakeFiles/mlx.dir/mlx/backend/cpu/indexing.cpp.o
In file included from ~/v0.7.31-src/.work/mlx/mlx/event.h:8,
                 from ~/v0.7.31-src/.work/mlx/mlx/array.h:14,
                 from ~/v0.7.31-src/.work/mlx/mlx/backend/common/utils.h:9,
                 from ~/v0.7.31-src/.work/mlx/mlx/backend/cpu/indexing.cpp:7:
~/v0.7.31-src/.work/mlx/mlx/error.h: In member function 'void mlx::core::Error::set_message(Message)':
~/v0.7.31-src/.work/mlx/mlx/error.h:17:22: warning: 'void std::atomic_store(shared_ptr<_Tp>*, shared_ptr<_Tp>) [with _Tp = __cxx11::basic_string<char>]' is deprecated: use 'std::atomic<std::shared_ptr<T>>' instead [-Wdeprecated-declarations]
   17 |     std::atomic_store(&message_, std::move(msg));
      |     ~~~~~~~~~~~~~~~~~^~~~~~~~~~~~~~~~~~~~~~~~~~~
In file included from /usr/include/c++/16.1.1/memory:83,
                 from ~/v0.7.31-src/.work/mlx/mlx/array.h:7:
/usr/include/c++/16.1.1/bits/shared_ptr_atomic.h:183:5: note: declared here
  183 |     atomic_store(shared_ptr<_Tp>* __p, shared_ptr<_Tp> __r)
      |     ^~~~~~~~~~~~
~/v0.7.31-src/.work/mlx/mlx/error.h: In member function 'bool mlx::core::Error::valid() const':
~/v0.7.31-src/.work/mlx/mlx/error.h:21:32: warning: 'std::shared_ptr<_Tp> std::atomic_load(const shared_ptr<_Tp>*) [with _Tp = __cxx11::basic_string<char>]' is deprecated: use 'std::atomic<std::shared_ptr<T>>' instead [-Wdeprecated-declarations]
   21 |     auto msg = std::atomic_load(&message_);
      |                ~~~~~~~~~~~~~~~~^~~~~~~~~~~
/usr/include/c++/16.1.1/bits/shared_ptr_atomic.h:142:5: note: declared here
  142 |     atomic_load(const shared_ptr<_Tp>* __p)
      |     ^~~~~~~~~~~
~/v0.7.31-src/.work/mlx/mlx/error.h: In member function 'bool mlx::core::Error::store_if_valid(const mlx::core::Error*)':
~/v0.7.31-src/.work/mlx/mlx/error.h:28:37: warning: 'std::shared_ptr<_Tp> std::atomic_load(const shared_ptr<_Tp>*) [with _Tp = __cxx11::basic_string<char>]' is deprecated: use 'std::atomic<std::shared_ptr<T>>' instead [-Wdeprecated-declarations]
   28 |       Message msg = std::atomic_load(&ptr->message_);
      |                     ~~~~~~~~~~~~~~~~^~~~~~~~~~~~~~~~
/usr/include/c++/16.1.1/bits/shared_ptr_atomic.h:142:5: note: declared here
  142 |     atomic_load(const shared_ptr<_Tp>* __p)
      |     ^~~~~~~~~~~
~/v0.7.31-src/.work/mlx/mlx/error.h: In member function 'void mlx::core::Error::check()':
~/v0.7.31-src/.work/mlx/mlx/error.h:39:36: warning: 'std::shared_ptr<_Tp> std::atomic_exchange(shared_ptr<_Tp>*, shared_ptr<_Tp>) [with _Tp = __cxx11::basic_string<char>]' is deprecated: use 'std::atomic<std::shared_ptr<T>>' instead [-Wdeprecated-declarations]
   39 |     auto msg = std::atomic_exchange(&message_, {});
      |                ~~~~~~~~~~~~~~~~~~~~^~~~~~~~~~~~~~~
/usr/include/c++/16.1.1/bits/shared_ptr_atomic.h:225:5: note: declared here
  225 |     atomic_exchange(shared_ptr<_Tp>* __p, shared_ptr<_Tp> __r)
      |     ^~~~~~~~~~~~~~~
[ 95%] Building CXX object CMakeFiles/mlx.dir/mlx/backend/cpu/luf.cpp.o
In file included from ~/v0.7.31-src/.work/mlx/mlx/event.h:8,
                 from ~/v0.7.31-src/.work/mlx/mlx/array.h:14,
                 from ~/v0.7.31-src/.work/mlx/mlx/backend/cpu/copy.h:7,
                 from ~/v0.7.31-src/.work/mlx/mlx/backend/cpu/luf.cpp:6:
~/v0.7.31-src/.work/mlx/mlx/error.h: In member function 'void mlx::core::Error::set_message(Message)':
~/v0.7.31-src/.work/mlx/mlx/error.h:17:22: warning: 'void std::atomic_store(shared_ptr<_Tp>*, shared_ptr<_Tp>) [with _Tp = __cxx11::basic_string<char>]' is deprecated: use 'std::atomic<std::shared_ptr<T>>' instead [-Wdeprecated-declarations]
   17 |     std::atomic_store(&message_, std::move(msg));
      |     ~~~~~~~~~~~~~~~~~^~~~~~~~~~~~~~~~~~~~~~~~~~~
In file included from /usr/include/c++/16.1.1/memory:83,
                 from ~/v0.7.31-src/.work/mlx/mlx/array.h:7:
/usr/include/c++/16.1.1/bits/shared_ptr_atomic.h:183:5: note: declared here
  183 |     atomic_store(shared_ptr<_Tp>* __p, shared_ptr<_Tp> __r)
      |     ^~~~~~~~~~~~
~/v0.7.31-src/.work/mlx/mlx/error.h: In member function 'bool mlx::core::Error::valid() const':
~/v0.7.31-src/.work/mlx/mlx/error.h:21:32: warning: 'std::shared_ptr<_Tp> std::atomic_load(const shared_ptr<_Tp>*) [with _Tp = __cxx11::basic_string<char>]' is deprecated: use 'std::atomic<std::shared_ptr<T>>' instead [-Wdeprecated-declarations]
   21 |     auto msg = std::atomic_load(&message_);
      |                ~~~~~~~~~~~~~~~~^~~~~~~~~~~
/usr/include/c++/16.1.1/bits/shared_ptr_atomic.h:142:5: note: declared here
  142 |     atomic_load(const shared_ptr<_Tp>* __p)
      |     ^~~~~~~~~~~
~/v0.7.31-src/.work/mlx/mlx/error.h: In member function 'bool mlx::core::Error::store_if_valid(const mlx::core::Error*)':
~/v0.7.31-src/.work/mlx/mlx/error.h:28:37: warning: 'std::shared_ptr<_Tp> std::atomic_load(const shared_ptr<_Tp>*) [with _Tp = __cxx11::basic_string<char>]' is deprecated: use 'std::atomic<std::shared_ptr<T>>' instead [-Wdeprecated-declarations]
   28 |       Message msg = std::atomic_load(&ptr->message_);
      |                     ~~~~~~~~~~~~~~~~^~~~~~~~~~~~~~~~
/usr/include/c++/16.1.1/bits/shared_ptr_atomic.h:142:5: note: declared here
  142 |     atomic_load(const shared_ptr<_Tp>* __p)
      |     ^~~~~~~~~~~
~/v0.7.31-src/.work/mlx/mlx/error.h: In member function 'void mlx::core::Error::check()':
~/v0.7.31-src/.work/mlx/mlx/error.h:39:36: warning: 'std::shared_ptr<_Tp> std::atomic_exchange(shared_ptr<_Tp>*, shared_ptr<_Tp>) [with _Tp = __cxx11::basic_string<char>]' is deprecated: use 'std::atomic<std::shared_ptr<T>>' instead [-Wdeprecated-declarations]
   39 |     auto msg = std::atomic_exchange(&message_, {});
      |                ~~~~~~~~~~~~~~~~~~~~^~~~~~~~~~~~~~~
/usr/include/c++/16.1.1/bits/shared_ptr_atomic.h:225:5: note: declared here
  225 |     atomic_exchange(shared_ptr<_Tp>* __p, shared_ptr<_Tp> __r)
      |     ^~~~~~~~~~~~~~~
[ 95%] Building CXX object CMakeFiles/mlx.dir/mlx/backend/cpu/qrf.cpp.o
In file included from ~/v0.7.31-src/.work/mlx/mlx/event.h:8,
                 from ~/v0.7.31-src/.work/mlx/mlx/array.h:14,
                 from ~/v0.7.31-src/.work/mlx/mlx/backend/cpu/copy.h:7,
                 from ~/v0.7.31-src/.work/mlx/mlx/backend/cpu/qrf.cpp:4:
~/v0.7.31-src/.work/mlx/mlx/error.h: In member function 'void mlx::core::Error::set_message(Message)':
~/v0.7.31-src/.work/mlx/mlx/error.h:17:22: warning: 'void std::atomic_store(shared_ptr<_Tp>*, shared_ptr<_Tp>) [with _Tp = __cxx11::basic_string<char>]' is deprecated: use 'std::atomic<std::shared_ptr<T>>' instead [-Wdeprecated-declarations]
   17 |     std::atomic_store(&message_, std::move(msg));
      |     ~~~~~~~~~~~~~~~~~^~~~~~~~~~~~~~~~~~~~~~~~~~~
In file included from /usr/include/c++/16.1.1/memory:83,
                 from ~/v0.7.31-src/.work/mlx/mlx/array.h:7:
/usr/include/c++/16.1.1/bits/shared_ptr_atomic.h:183:5: note: declared here
  183 |     atomic_store(shared_ptr<_Tp>* __p, shared_ptr<_Tp> __r)
      |     ^~~~~~~~~~~~
~/v0.7.31-src/.work/mlx/mlx/error.h: In member function 'bool mlx::core::Error::valid() const':
~/v0.7.31-src/.work/mlx/mlx/error.h:21:32: warning: 'std::shared_ptr<_Tp> std::atomic_load(const shared_ptr<_Tp>*) [with _Tp = __cxx11::basic_string<char>]' is deprecated: use 'std::atomic<std::shared_ptr<T>>' instead [-Wdeprecated-declarations]
   21 |     auto msg = std::atomic_load(&message_);
      |                ~~~~~~~~~~~~~~~~^~~~~~~~~~~
/usr/include/c++/16.1.1/bits/shared_ptr_atomic.h:142:5: note: declared here
  142 |     atomic_load(const shared_ptr<_Tp>* __p)
      |     ^~~~~~~~~~~
~/v0.7.31-src/.work/mlx/mlx/error.h: In member function 'bool mlx::core::Error::store_if_valid(const mlx::core::Error*)':
~/v0.7.31-src/.work/mlx/mlx/error.h:28:37: warning: 'std::shared_ptr<_Tp> std::atomic_load(const shared_ptr<_Tp>*) [with _Tp = __cxx11::basic_string<char>]' is deprecated: use 'std::atomic<std::shared_ptr<T>>' instead [-Wdeprecated-declarations]
   28 |       Message msg = std::atomic_load(&ptr->message_);
      |                     ~~~~~~~~~~~~~~~~^~~~~~~~~~~~~~~~
/usr/include/c++/16.1.1/bits/shared_ptr_atomic.h:142:5: note: declared here
  142 |     atomic_load(const shared_ptr<_Tp>* __p)
      |     ^~~~~~~~~~~
~/v0.7.31-src/.work/mlx/mlx/error.h: In member function 'void mlx::core::Error::check()':
~/v0.7.31-src/.work/mlx/mlx/error.h:39:36: warning: 'std::shared_ptr<_Tp> std::atomic_exchange(shared_ptr<_Tp>*, shared_ptr<_Tp>) [with _Tp = __cxx11::basic_string<char>]' is deprecated: use 'std::atomic<std::shared_ptr<T>>' instead [-Wdeprecated-declarations]
   39 |     auto msg = std::atomic_exchange(&message_, {});
      |                ~~~~~~~~~~~~~~~~~~~~^~~~~~~~~~~~~~~
/usr/include/c++/16.1.1/bits/shared_ptr_atomic.h:225:5: note: declared here
  225 |     atomic_exchange(shared_ptr<_Tp>* __p, shared_ptr<_Tp> __r)
      |     ^~~~~~~~~~~~~~~
[ 95%] Building CXX object CMakeFiles/mlx.dir/mlx/backend/cpu/svd.cpp.o
In file included from ~/v0.7.31-src/.work/mlx/mlx/event.h:8,
                 from ~/v0.7.31-src/.work/mlx/mlx/array.h:14,
                 from ~/v0.7.31-src/.work/mlx/mlx/backend/cpu/copy.h:7,
                 from ~/v0.7.31-src/.work/mlx/mlx/backend/cpu/svd.cpp:6:
~/v0.7.31-src/.work/mlx/mlx/error.h: In member function 'void mlx::core::Error::set_message(Message)':
~/v0.7.31-src/.work/mlx/mlx/error.h:17:22: warning: 'void std::atomic_store(shared_ptr<_Tp>*, shared_ptr<_Tp>) [with _Tp = __cxx11::basic_string<char>]' is deprecated: use 'std::atomic<std::shared_ptr<T>>' instead [-Wdeprecated-declarations]
   17 |     std::atomic_store(&message_, std::move(msg));
      |     ~~~~~~~~~~~~~~~~~^~~~~~~~~~~~~~~~~~~~~~~~~~~
In file included from /usr/include/c++/16.1.1/memory:83,
                 from ~/v0.7.31-src/.work/mlx/mlx/array.h:7:
/usr/include/c++/16.1.1/bits/shared_ptr_atomic.h:183:5: note: declared here
  183 |     atomic_store(shared_ptr<_Tp>* __p, shared_ptr<_Tp> __r)
      |     ^~~~~~~~~~~~
~/v0.7.31-src/.work/mlx/mlx/error.h: In member function 'bool mlx::core::Error::valid() const':
~/v0.7.31-src/.work/mlx/mlx/error.h:21:32: warning: 'std::shared_ptr<_Tp> std::atomic_load(const shared_ptr<_Tp>*) [with _Tp = __cxx11::basic_string<char>]' is deprecated: use 'std::atomic<std::shared_ptr<T>>' instead [-Wdeprecated-declarations]
   21 |     auto msg = std::atomic_load(&message_);
      |                ~~~~~~~~~~~~~~~~^~~~~~~~~~~
/usr/include/c++/16.1.1/bits/shared_ptr_atomic.h:142:5: note: declared here
  142 |     atomic_load(const shared_ptr<_Tp>* __p)
      |     ^~~~~~~~~~~
~/v0.7.31-src/.work/mlx/mlx/error.h: In member function 'bool mlx::core::Error::store_if_valid(const mlx::core::Error*)':
~/v0.7.31-src/.work/mlx/mlx/error.h:28:37: warning: 'std::shared_ptr<_Tp> std::atomic_load(const shared_ptr<_Tp>*) [with _Tp = __cxx11::basic_string<char>]' is deprecated: use 'std::atomic<std::shared_ptr<T>>' instead [-Wdeprecated-declarations]
   28 |       Message msg = std::atomic_load(&ptr->message_);
      |                     ~~~~~~~~~~~~~~~~^~~~~~~~~~~~~~~~
/usr/include/c++/16.1.1/bits/shared_ptr_atomic.h:142:5: note: declared here
  142 |     atomic_load(const shared_ptr<_Tp>* __p)
      |     ^~~~~~~~~~~
~/v0.7.31-src/.work/mlx/mlx/error.h: In member function 'void mlx::core::Error::check()':
~/v0.7.31-src/.work/mlx/mlx/error.h:39:36: warning: 'std::shared_ptr<_Tp> std::atomic_exchange(shared_ptr<_Tp>*, shared_ptr<_Tp>) [with _Tp = __cxx11::basic_string<char>]' is deprecated: use 'std::atomic<std::shared_ptr<T>>' instead [-Wdeprecated-declarations]
   39 |     auto msg = std::atomic_exchange(&message_, {});
      |                ~~~~~~~~~~~~~~~~~~~~^~~~~~~~~~~~~~~
/usr/include/c++/16.1.1/bits/shared_ptr_atomic.h:225:5: note: declared here
  225 |     atomic_exchange(shared_ptr<_Tp>* __p, shared_ptr<_Tp> __r)
      |     ^~~~~~~~~~~~~~~
[ 95%] Building CXX object CMakeFiles/mlx.dir/mlx/backend/cpu/inverse.cpp.o
In file included from ~/v0.7.31-src/.work/mlx/mlx/event.h:8,
                 from ~/v0.7.31-src/.work/mlx/mlx/array.h:14,
                 from ~/v0.7.31-src/.work/mlx/mlx/backend/cpu/copy.h:7,
                 from ~/v0.7.31-src/.work/mlx/mlx/backend/cpu/inverse.cpp:4:
~/v0.7.31-src/.work/mlx/mlx/error.h: In member function 'void mlx::core::Error::set_message(Message)':
~/v0.7.31-src/.work/mlx/mlx/error.h:17:22: warning: 'void std::atomic_store(shared_ptr<_Tp>*, shared_ptr<_Tp>) [with _Tp = __cxx11::basic_string<char>]' is deprecated: use 'std::atomic<std::shared_ptr<T>>' instead [-Wdeprecated-declarations]
   17 |     std::atomic_store(&message_, std::move(msg));
      |     ~~~~~~~~~~~~~~~~~^~~~~~~~~~~~~~~~~~~~~~~~~~~
In file included from /usr/include/c++/16.1.1/memory:83,
                 from ~/v0.7.31-src/.work/mlx/mlx/array.h:7:
/usr/include/c++/16.1.1/bits/shared_ptr_atomic.h:183:5: note: declared here
  183 |     atomic_store(shared_ptr<_Tp>* __p, shared_ptr<_Tp> __r)
      |     ^~~~~~~~~~~~
~/v0.7.31-src/.work/mlx/mlx/error.h: In member function 'bool mlx::core::Error::valid() const':
~/v0.7.31-src/.work/mlx/mlx/error.h:21:32: warning: 'std::shared_ptr<_Tp> std::atomic_load(const shared_ptr<_Tp>*) [with _Tp = __cxx11::basic_string<char>]' is deprecated: use 'std::atomic<std::shared_ptr<T>>' instead [-Wdeprecated-declarations]
   21 |     auto msg = std::atomic_load(&message_);
      |                ~~~~~~~~~~~~~~~~^~~~~~~~~~~
/usr/include/c++/16.1.1/bits/shared_ptr_atomic.h:142:5: note: declared here
  142 |     atomic_load(const shared_ptr<_Tp>* __p)
      |     ^~~~~~~~~~~
~/v0.7.31-src/.work/mlx/mlx/error.h: In member function 'bool mlx::core::Error::store_if_valid(const mlx::core::Error*)':
~/v0.7.31-src/.work/mlx/mlx/error.h:28:37: warning: 'std::shared_ptr<_Tp> std::atomic_load(const shared_ptr<_Tp>*) [with _Tp = __cxx11::basic_string<char>]' is deprecated: use 'std::atomic<std::shared_ptr<T>>' instead [-Wdeprecated-declarations]
   28 |       Message msg = std::atomic_load(&ptr->message_);
      |                     ~~~~~~~~~~~~~~~~^~~~~~~~~~~~~~~~
/usr/include/c++/16.1.1/bits/shared_ptr_atomic.h:142:5: note: declared here
  142 |     atomic_load(const shared_ptr<_Tp>* __p)
      |     ^~~~~~~~~~~
~/v0.7.31-src/.work/mlx/mlx/error.h: In member function 'void mlx::core::Error::check()':
~/v0.7.31-src/.work/mlx/mlx/error.h:39:36: warning: 'std::shared_ptr<_Tp> std::atomic_exchange(shared_ptr<_Tp>*, shared_ptr<_Tp>) [with _Tp = __cxx11::basic_string<char>]' is deprecated: use 'std::atomic<std::shared_ptr<T>>' instead [-Wdeprecated-declarations]
   39 |     auto msg = std::atomic_exchange(&message_, {});
      |                ~~~~~~~~~~~~~~~~~~~~^~~~~~~~~~~~~~~
/usr/include/c++/16.1.1/bits/shared_ptr_atomic.h:225:5: note: declared here
  225 |     atomic_exchange(shared_ptr<_Tp>* __p, shared_ptr<_Tp> __r)
      |     ^~~~~~~~~~~~~~~
[ 95%] Building CXX object CMakeFiles/mlx.dir/mlx/backend/cpu/cholesky.cpp.o
In file included from ~/v0.7.31-src/.work/mlx/mlx/event.h:8,
                 from ~/v0.7.31-src/.work/mlx/mlx/array.h:14,
                 from ~/v0.7.31-src/.work/mlx/mlx/backend/cpu/copy.h:7,
                 from ~/v0.7.31-src/.work/mlx/mlx/backend/cpu/cholesky.cpp:4:
~/v0.7.31-src/.work/mlx/mlx/error.h: In member function 'void mlx::core::Error::set_message(Message)':
~/v0.7.31-src/.work/mlx/mlx/error.h:17:22: warning: 'void std::atomic_store(shared_ptr<_Tp>*, shared_ptr<_Tp>) [with _Tp = __cxx11::basic_string<char>]' is deprecated: use 'std::atomic<std::shared_ptr<T>>' instead [-Wdeprecated-declarations]
   17 |     std::atomic_store(&message_, std::move(msg));
      |     ~~~~~~~~~~~~~~~~~^~~~~~~~~~~~~~~~~~~~~~~~~~~
In file included from /usr/include/c++/16.1.1/memory:83,
                 from ~/v0.7.31-src/.work/mlx/mlx/array.h:7:
/usr/include/c++/16.1.1/bits/shared_ptr_atomic.h:183:5: note: declared here
  183 |     atomic_store(shared_ptr<_Tp>* __p, shared_ptr<_Tp> __r)
      |     ^~~~~~~~~~~~
~/v0.7.31-src/.work/mlx/mlx/error.h: In member function 'bool mlx::core::Error::valid() const':
~/v0.7.31-src/.work/mlx/mlx/error.h:21:32: warning: 'std::shared_ptr<_Tp> std::atomic_load(const shared_ptr<_Tp>*) [with _Tp = __cxx11::basic_string<char>]' is deprecated: use 'std::atomic<std::shared_ptr<T>>' instead [-Wdeprecated-declarations]
   21 |     auto msg = std::atomic_load(&message_);
      |                ~~~~~~~~~~~~~~~~^~~~~~~~~~~
/usr/include/c++/16.1.1/bits/shared_ptr_atomic.h:142:5: note: declared here
  142 |     atomic_load(const shared_ptr<_Tp>* __p)
      |     ^~~~~~~~~~~
~/v0.7.31-src/.work/mlx/mlx/error.h: In member function 'bool mlx::core::Error::store_if_valid(const mlx::core::Error*)':
~/v0.7.31-src/.work/mlx/mlx/error.h:28:37: warning: 'std::shared_ptr<_Tp> std::atomic_load(const shared_ptr<_Tp>*) [with _Tp = __cxx11::basic_string<char>]' is deprecated: use 'std::atomic<std::shared_ptr<T>>' instead [-Wdeprecated-declarations]
   28 |       Message msg = std::atomic_load(&ptr->message_);
      |                     ~~~~~~~~~~~~~~~~^~~~~~~~~~~~~~~~
/usr/include/c++/16.1.1/bits/shared_ptr_atomic.h:142:5: note: declared here
  142 |     atomic_load(const shared_ptr<_Tp>* __p)
      |     ^~~~~~~~~~~
~/v0.7.31-src/.work/mlx/mlx/error.h: In member function 'void mlx::core::Error::check()':
~/v0.7.31-src/.work/mlx/mlx/error.h:39:36: warning: 'std::shared_ptr<_Tp> std::atomic_exchange(shared_ptr<_Tp>*, shared_ptr<_Tp>) [with _Tp = __cxx11::basic_string<char>]' is deprecated: use 'std::atomic<std::shared_ptr<T>>' instead [-Wdeprecated-declarations]
   39 |     auto msg = std::atomic_exchange(&message_, {});
      |                ~~~~~~~~~~~~~~~~~~~~^~~~~~~~~~~~~~~
/usr/include/c++/16.1.1/bits/shared_ptr_atomic.h:225:5: note: declared here
  225 |     atomic_exchange(shared_ptr<_Tp>* __p, shared_ptr<_Tp> __r)
      |     ^~~~~~~~~~~~~~~
[ 95%] Building CXX object CMakeFiles/mlx.dir/mlx/backend/cpu/unary.cpp.o
In file included from ~/v0.7.31-src/.work/mlx/mlx/event.h:8,
                 from ~/v0.7.31-src/.work/mlx/mlx/array.h:14,
                 from ~/v0.7.31-src/.work/mlx/mlx/backend/common/utils.h:9,
                 from ~/v0.7.31-src/.work/mlx/mlx/backend/common/unary.h:6,
                 from ~/v0.7.31-src/.work/mlx/mlx/backend/cpu/unary.h:5,
                 from ~/v0.7.31-src/.work/mlx/mlx/backend/cpu/unary.cpp:8:
~/v0.7.31-src/.work/mlx/mlx/error.h: In member function 'void mlx::core::Error::set_message(Message)':
~/v0.7.31-src/.work/mlx/mlx/error.h:17:22: warning: 'void std::atomic_store(shared_ptr<_Tp>*, shared_ptr<_Tp>) [with _Tp = __cxx11::basic_string<char>]' is deprecated: use 'std::atomic<std::shared_ptr<T>>' instead [-Wdeprecated-declarations]
   17 |     std::atomic_store(&message_, std::move(msg));
      |     ~~~~~~~~~~~~~~~~~^~~~~~~~~~~~~~~~~~~~~~~~~~~
In file included from /usr/include/c++/16.1.1/memory:83,
                 from ~/v0.7.31-src/.work/mlx/mlx/array.h:7:
/usr/include/c++/16.1.1/bits/shared_ptr_atomic.h:183:5: note: declared here
  183 |     atomic_store(shared_ptr<_Tp>* __p, shared_ptr<_Tp> __r)
      |     ^~~~~~~~~~~~
~/v0.7.31-src/.work/mlx/mlx/error.h: In member function 'bool mlx::core::Error::valid() const':
~/v0.7.31-src/.work/mlx/mlx/error.h:21:32: warning: 'std::shared_ptr<_Tp> std::atomic_load(const shared_ptr<_Tp>*) [with _Tp = __cxx11::basic_string<char>]' is deprecated: use 'std::atomic<std::shared_ptr<T>>' instead [-Wdeprecated-declarations]
   21 |     auto msg = std::atomic_load(&message_);
      |                ~~~~~~~~~~~~~~~~^~~~~~~~~~~
/usr/include/c++/16.1.1/bits/shared_ptr_atomic.h:142:5: note: declared here
  142 |     atomic_load(const shared_ptr<_Tp>* __p)
      |     ^~~~~~~~~~~
~/v0.7.31-src/.work/mlx/mlx/error.h: In member function 'bool mlx::core::Error::store_if_valid(const mlx::core::Error*)':
~/v0.7.31-src/.work/mlx/mlx/error.h:28:37: warning: 'std::shared_ptr<_Tp> std::atomic_load(const shared_ptr<_Tp>*) [with _Tp = __cxx11::basic_string<char>]' is deprecated: use 'std::atomic<std::shared_ptr<T>>' instead [-Wdeprecated-declarations]
   28 |       Message msg = std::atomic_load(&ptr->message_);
      |                     ~~~~~~~~~~~~~~~~^~~~~~~~~~~~~~~~
/usr/include/c++/16.1.1/bits/shared_ptr_atomic.h:142:5: note: declared here
  142 |     atomic_load(const shared_ptr<_Tp>* __p)
      |     ^~~~~~~~~~~
~/v0.7.31-src/.work/mlx/mlx/error.h: In member function 'void mlx::core::Error::check()':
~/v0.7.31-src/.work/mlx/mlx/error.h:39:36: warning: 'std::shared_ptr<_Tp> std::atomic_exchange(shared_ptr<_Tp>*, shared_ptr<_Tp>) [with _Tp = __cxx11::basic_string<char>]' is deprecated: use 'std::atomic<std::shared_ptr<T>>' instead [-Wdeprecated-declarations]
   39 |     auto msg = std::atomic_exchange(&message_, {});
      |                ~~~~~~~~~~~~~~~~~~~~^~~~~~~~~~~~~~~
/usr/include/c++/16.1.1/bits/shared_ptr_atomic.h:225:5: note: declared here
  225 |     atomic_exchange(shared_ptr<_Tp>* __p, shared_ptr<_Tp> __r)
      |     ^~~~~~~~~~~~~~~
[ 95%] Building CXX object CMakeFiles/mlx.dir/mlx/backend/cpu/eval.cpp.o
In file included from ~/v0.7.31-src/.work/mlx/mlx/event.h:8,
                 from ~/v0.7.31-src/.work/mlx/mlx/array.h:14,
                 from ~/v0.7.31-src/.work/mlx/mlx/backend/cpu/eval.h:5,
                 from ~/v0.7.31-src/.work/mlx/mlx/backend/cpu/eval.cpp:2:
~/v0.7.31-src/.work/mlx/mlx/error.h: In member function 'void mlx::core::Error::set_message(Message)':
~/v0.7.31-src/.work/mlx/mlx/error.h:17:22: warning: 'void std::atomic_store(shared_ptr<_Tp>*, shared_ptr<_Tp>) [with _Tp = __cxx11::basic_string<char>]' is deprecated: use 'std::atomic<std::shared_ptr<T>>' instead [-Wdeprecated-declarations]
   17 |     std::atomic_store(&message_, std::move(msg));
      |     ~~~~~~~~~~~~~~~~~^~~~~~~~~~~~~~~~~~~~~~~~~~~
In file included from /usr/include/c++/16.1.1/memory:83,
                 from ~/v0.7.31-src/.work/mlx/mlx/array.h:7:
/usr/include/c++/16.1.1/bits/shared_ptr_atomic.h:183:5: note: declared here
  183 |     atomic_store(shared_ptr<_Tp>* __p, shared_ptr<_Tp> __r)
      |     ^~~~~~~~~~~~
~/v0.7.31-src/.work/mlx/mlx/error.h: In member function 'bool mlx::core::Error::valid() const':
~/v0.7.31-src/.work/mlx/mlx/error.h:21:32: warning: 'std::shared_ptr<_Tp> std::atomic_load(const shared_ptr<_Tp>*) [with _Tp = __cxx11::basic_string<char>]' is deprecated: use 'std::atomic<std::shared_ptr<T>>' instead [-Wdeprecated-declarations]
   21 |     auto msg = std::atomic_load(&message_);
      |                ~~~~~~~~~~~~~~~~^~~~~~~~~~~
/usr/include/c++/16.1.1/bits/shared_ptr_atomic.h:142:5: note: declared here
  142 |     atomic_load(const shared_ptr<_Tp>* __p)
      |     ^~~~~~~~~~~
~/v0.7.31-src/.work/mlx/mlx/error.h: In member function 'bool mlx::core::Error::store_if_valid(const mlx::core::Error*)':
~/v0.7.31-src/.work/mlx/mlx/error.h:28:37: warning: 'std::shared_ptr<_Tp> std::atomic_load(const shared_ptr<_Tp>*) [with _Tp = __cxx11::basic_string<char>]' is deprecated: use 'std::atomic<std::shared_ptr<T>>' instead [-Wdeprecated-declarations]
   28 |       Message msg = std::atomic_load(&ptr->message_);
      |                     ~~~~~~~~~~~~~~~~^~~~~~~~~~~~~~~~
/usr/include/c++/16.1.1/bits/shared_ptr_atomic.h:142:5: note: declared here
  142 |     atomic_load(const shared_ptr<_Tp>* __p)
      |     ^~~~~~~~~~~
~/v0.7.31-src/.work/mlx/mlx/error.h: In member function 'void mlx::core::Error::check()':
~/v0.7.31-src/.work/mlx/mlx/error.h:39:36: warning: 'std::shared_ptr<_Tp> std::atomic_exchange(shared_ptr<_Tp>*, shared_ptr<_Tp>) [with _Tp = __cxx11::basic_string<char>]' is deprecated: use 'std::atomic<std::shared_ptr<T>>' instead [-Wdeprecated-declarations]
   39 |     auto msg = std::atomic_exchange(&message_, {});
      |                ~~~~~~~~~~~~~~~~~~~~^~~~~~~~~~~~~~~
/usr/include/c++/16.1.1/bits/shared_ptr_atomic.h:225:5: note: declared here
  225 |     atomic_exchange(shared_ptr<_Tp>* __p, shared_ptr<_Tp> __r)
      |     ^~~~~~~~~~~~~~~
[ 95%] Building CXX object CMakeFiles/mlx.dir/mlx/backend/cpu/compiled_preamble.cpp.o
[ 95%] Building CXX object CMakeFiles/mlx.dir/mlx/backend/cpu/gemms/simd_fp16.cpp.o
In file included from ~/v0.7.31-src/.work/mlx/mlx/event.h:8,
                 from ~/v0.7.31-src/.work/mlx/mlx/array.h:14,
                 from ~/v0.7.31-src/.work/mlx/mlx/backend/common/utils.h:9,
                 from ~/v0.7.31-src/.work/mlx/mlx/backend/cpu/gemms/simd_fp16.cpp:3:
~/v0.7.31-src/.work/mlx/mlx/error.h: In member function 'void mlx::core::Error::set_message(Message)':
~/v0.7.31-src/.work/mlx/mlx/error.h:17:22: warning: 'void std::atomic_store(shared_ptr<_Tp>*, shared_ptr<_Tp>) [with _Tp = __cxx11::basic_string<char>]' is deprecated: use 'std::atomic<std::shared_ptr<T>>' instead [-Wdeprecated-declarations]
   17 |     std::atomic_store(&message_, std::move(msg));
      |     ~~~~~~~~~~~~~~~~~^~~~~~~~~~~~~~~~~~~~~~~~~~~
In file included from /usr/include/c++/16.1.1/memory:83,
                 from ~/v0.7.31-src/.work/mlx/mlx/array.h:7:
/usr/include/c++/16.1.1/bits/shared_ptr_atomic.h:183:5: note: declared here
  183 |     atomic_store(shared_ptr<_Tp>* __p, shared_ptr<_Tp> __r)
      |     ^~~~~~~~~~~~
~/v0.7.31-src/.work/mlx/mlx/error.h: In member function 'bool mlx::core::Error::valid() const':
~/v0.7.31-src/.work/mlx/mlx/error.h:21:32: warning: 'std::shared_ptr<_Tp> std::atomic_load(const shared_ptr<_Tp>*) [with _Tp = __cxx11::basic_string<char>]' is deprecated: use 'std::atomic<std::shared_ptr<T>>' instead [-Wdeprecated-declarations]
   21 |     auto msg = std::atomic_load(&message_);
      |                ~~~~~~~~~~~~~~~~^~~~~~~~~~~
/usr/include/c++/16.1.1/bits/shared_ptr_atomic.h:142:5: note: declared here
  142 |     atomic_load(const shared_ptr<_Tp>* __p)
      |     ^~~~~~~~~~~
~/v0.7.31-src/.work/mlx/mlx/error.h: In member function 'bool mlx::core::Error::store_if_valid(const mlx::core::Error*)':
~/v0.7.31-src/.work/mlx/mlx/error.h:28:37: warning: 'std::shared_ptr<_Tp> std::atomic_load(const shared_ptr<_Tp>*) [with _Tp = __cxx11::basic_string<char>]' is deprecated: use 'std::atomic<std::shared_ptr<T>>' instead [-Wdeprecated-declarations]
   28 |       Message msg = std::atomic_load(&ptr->message_);
      |                     ~~~~~~~~~~~~~~~~^~~~~~~~~~~~~~~~
/usr/include/c++/16.1.1/bits/shared_ptr_atomic.h:142:5: note: declared here
  142 |     atomic_load(const shared_ptr<_Tp>* __p)
      |     ^~~~~~~~~~~
~/v0.7.31-src/.work/mlx/mlx/error.h: In member function 'void mlx::core::Error::check()':
~/v0.7.31-src/.work/mlx/mlx/error.h:39:36: warning: 'std::shared_ptr<_Tp> std::atomic_exchange(shared_ptr<_Tp>*, shared_ptr<_Tp>) [with _Tp = __cxx11::basic_string<char>]' is deprecated: use 'std::atomic<std::shared_ptr<T>>' instead [-Wdeprecated-declarations]
   39 |     auto msg = std::atomic_exchange(&message_, {});
      |                ~~~~~~~~~~~~~~~~~~~~^~~~~~~~~~~~~~~
/usr/include/c++/16.1.1/bits/shared_ptr_atomic.h:225:5: note: declared here
  225 |     atomic_exchange(shared_ptr<_Tp>* __p, shared_ptr<_Tp> __r)
      |     ^~~~~~~~~~~~~~~
[ 95%] Building CXX object CMakeFiles/mlx.dir/mlx/backend/cpu/gemms/simd_bf16.cpp.o
In file included from ~/v0.7.31-src/.work/mlx/mlx/event.h:8,
                 from ~/v0.7.31-src/.work/mlx/mlx/array.h:14,
                 from ~/v0.7.31-src/.work/mlx/mlx/backend/common/utils.h:9,
                 from ~/v0.7.31-src/.work/mlx/mlx/backend/cpu/gemms/simd_bf16.cpp:3:
~/v0.7.31-src/.work/mlx/mlx/error.h: In member function 'void mlx::core::Error::set_message(Message)':
~/v0.7.31-src/.work/mlx/mlx/error.h:17:22: warning: 'void std::atomic_store(shared_ptr<_Tp>*, shared_ptr<_Tp>) [with _Tp = __cxx11::basic_string<char>]' is deprecated: use 'std::atomic<std::shared_ptr<T>>' instead [-Wdeprecated-declarations]
   17 |     std::atomic_store(&message_, std::move(msg));
      |     ~~~~~~~~~~~~~~~~~^~~~~~~~~~~~~~~~~~~~~~~~~~~
In file included from /usr/include/c++/16.1.1/memory:83,
                 from ~/v0.7.31-src/.work/mlx/mlx/array.h:7:
/usr/include/c++/16.1.1/bits/shared_ptr_atomic.h:183:5: note: declared here
  183 |     atomic_store(shared_ptr<_Tp>* __p, shared_ptr<_Tp> __r)
      |     ^~~~~~~~~~~~
~/v0.7.31-src/.work/mlx/mlx/error.h: In member function 'bool mlx::core::Error::valid() const':
~/v0.7.31-src/.work/mlx/mlx/error.h:21:32: warning: 'std::shared_ptr<_Tp> std::atomic_load(const shared_ptr<_Tp>*) [with _Tp = __cxx11::basic_string<char>]' is deprecated: use 'std::atomic<std::shared_ptr<T>>' instead [-Wdeprecated-declarations]
   21 |     auto msg = std::atomic_load(&message_);
      |                ~~~~~~~~~~~~~~~~^~~~~~~~~~~
/usr/include/c++/16.1.1/bits/shared_ptr_atomic.h:142:5: note: declared here
  142 |     atomic_load(const shared_ptr<_Tp>* __p)
      |     ^~~~~~~~~~~
~/v0.7.31-src/.work/mlx/mlx/error.h: In member function 'bool mlx::core::Error::store_if_valid(const mlx::core::Error*)':
~/v0.7.31-src/.work/mlx/mlx/error.h:28:37: warning: 'std::shared_ptr<_Tp> std::atomic_load(const shared_ptr<_Tp>*) [with _Tp = __cxx11::basic_string<char>]' is deprecated: use 'std::atomic<std::shared_ptr<T>>' instead [-Wdeprecated-declarations]
   28 |       Message msg = std::atomic_load(&ptr->message_);
      |                     ~~~~~~~~~~~~~~~~^~~~~~~~~~~~~~~~
/usr/include/c++/16.1.1/bits/shared_ptr_atomic.h:142:5: note: declared here
  142 |     atomic_load(const shared_ptr<_Tp>* __p)
      |     ^~~~~~~~~~~
~/v0.7.31-src/.work/mlx/mlx/error.h: In member function 'void mlx::core::Error::check()':
~/v0.7.31-src/.work/mlx/mlx/error.h:39:36: warning: 'std::shared_ptr<_Tp> std::atomic_exchange(shared_ptr<_Tp>*, shared_ptr<_Tp>) [with _Tp = __cxx11::basic_string<char>]' is deprecated: use 'std::atomic<std::shared_ptr<T>>' instead [-Wdeprecated-declarations]
   39 |     auto msg = std::atomic_exchange(&message_, {});
      |                ~~~~~~~~~~~~~~~~~~~~^~~~~~~~~~~~~~~
/usr/include/c++/16.1.1/bits/shared_ptr_atomic.h:225:5: note: declared here
  225 |     atomic_exchange(shared_ptr<_Tp>* __p, shared_ptr<_Tp> __r)
      |     ^~~~~~~~~~~~~~~
[ 95%] Building CXX object CMakeFiles/mlx.dir/mlx/backend/cpu/compiled.cpp.o
In file included from ~/v0.7.31-src/.work/mlx/mlx/event.h:8,
                 from ~/v0.7.31-src/.work/mlx/mlx/array.h:14,
                 from ~/v0.7.31-src/.work/mlx/mlx/backend/common/compiled.h:8,
                 from ~/v0.7.31-src/.work/mlx/mlx/backend/cpu/compiled.cpp:13:
~/v0.7.31-src/.work/mlx/mlx/error.h: In member function 'void mlx::core::Error::set_message(Message)':
~/v0.7.31-src/.work/mlx/mlx/error.h:17:22: warning: 'void std::atomic_store(shared_ptr<_Tp>*, shared_ptr<_Tp>) [with _Tp = __cxx11::basic_string<char>]' is deprecated: use 'std::atomic<std::shared_ptr<T>>' instead [-Wdeprecated-declarations]
   17 |     std::atomic_store(&message_, std::move(msg));
      |     ~~~~~~~~~~~~~~~~~^~~~~~~~~~~~~~~~~~~~~~~~~~~
In file included from /usr/include/c++/16.1.1/memory:83,
                 from ~/v0.7.31-src/.work/mlx/mlx/array.h:7:
/usr/include/c++/16.1.1/bits/shared_ptr_atomic.h:183:5: note: declared here
  183 |     atomic_store(shared_ptr<_Tp>* __p, shared_ptr<_Tp> __r)
      |     ^~~~~~~~~~~~
~/v0.7.31-src/.work/mlx/mlx/error.h: In member function 'bool mlx::core::Error::valid() const':
~/v0.7.31-src/.work/mlx/mlx/error.h:21:32: warning: 'std::shared_ptr<_Tp> std::atomic_load(const shared_ptr<_Tp>*) [with _Tp = __cxx11::basic_string<char>]' is deprecated: use 'std::atomic<std::shared_ptr<T>>' instead [-Wdeprecated-declarations]
   21 |     auto msg = std::atomic_load(&message_);
      |                ~~~~~~~~~~~~~~~~^~~~~~~~~~~
/usr/include/c++/16.1.1/bits/shared_ptr_atomic.h:142:5: note: declared here
  142 |     atomic_load(const shared_ptr<_Tp>* __p)
      |     ^~~~~~~~~~~
~/v0.7.31-src/.work/mlx/mlx/error.h: In member function 'bool mlx::core::Error::store_if_valid(const mlx::core::Error*)':
~/v0.7.31-src/.work/mlx/mlx/error.h:28:37: warning: 'std::shared_ptr<_Tp> std::atomic_load(const shared_ptr<_Tp>*) [with _Tp = __cxx11::basic_string<char>]' is deprecated: use 'std::atomic<std::shared_ptr<T>>' instead [-Wdeprecated-declarations]
   28 |       Message msg = std::atomic_load(&ptr->message_);
      |                     ~~~~~~~~~~~~~~~~^~~~~~~~~~~~~~~~
/usr/include/c++/16.1.1/bits/shared_ptr_atomic.h:142:5: note: declared here
  142 |     atomic_load(const shared_ptr<_Tp>* __p)
      |     ^~~~~~~~~~~
~/v0.7.31-src/.work/mlx/mlx/error.h: In member function 'void mlx::core::Error::check()':
~/v0.7.31-src/.work/mlx/mlx/error.h:39:36: warning: 'std::shared_ptr<_Tp> std::atomic_exchange(shared_ptr<_Tp>*, shared_ptr<_Tp>) [with _Tp = __cxx11::basic_string<char>]' is deprecated: use 'std::atomic<std::shared_ptr<T>>' instead [-Wdeprecated-declarations]
   39 |     auto msg = std::atomic_exchange(&message_, {});
      |                ~~~~~~~~~~~~~~~~~~~~^~~~~~~~~~~~~~~
/usr/include/c++/16.1.1/bits/shared_ptr_atomic.h:225:5: note: declared here
  225 |     atomic_exchange(shared_ptr<_Tp>* __p, shared_ptr<_Tp> __r)
      |     ^~~~~~~~~~~~~~~
[ 96%] Building CXX object CMakeFiles/mlx.dir/mlx/backend/cpu/jit_compiler.cpp.o
In file included from ~/v0.7.31-src/.work/mlx/mlx/event.h:8,
                 from ~/v0.7.31-src/.work/mlx/mlx/array.h:14,
                 from ~/v0.7.31-src/.work/mlx/mlx/backend/common/utils.h:9,
                 from ~/v0.7.31-src/.work/mlx/mlx/backend/cpu/jit_compiler.cpp:4:
~/v0.7.31-src/.work/mlx/mlx/error.h: In member function 'void mlx::core::Error::set_message(Message)':
~/v0.7.31-src/.work/mlx/mlx/error.h:17:22: warning: 'void std::atomic_store(shared_ptr<_Tp>*, shared_ptr<_Tp>) [with _Tp = __cxx11::basic_string<char>]' is deprecated: use 'std::atomic<std::shared_ptr<T>>' instead [-Wdeprecated-declarations]
   17 |     std::atomic_store(&message_, std::move(msg));
      |     ~~~~~~~~~~~~~~~~~^~~~~~~~~~~~~~~~~~~~~~~~~~~
In file included from /usr/include/c++/16.1.1/memory:83,
                 from ~/v0.7.31-src/.work/mlx/mlx/array.h:7:
/usr/include/c++/16.1.1/bits/shared_ptr_atomic.h:183:5: note: declared here
  183 |     atomic_store(shared_ptr<_Tp>* __p, shared_ptr<_Tp> __r)
      |     ^~~~~~~~~~~~
~/v0.7.31-src/.work/mlx/mlx/error.h: In member function 'bool mlx::core::Error::valid() const':
~/v0.7.31-src/.work/mlx/mlx/error.h:21:32: warning: 'std::shared_ptr<_Tp> std::atomic_load(const shared_ptr<_Tp>*) [with _Tp = __cxx11::basic_string<char>]' is deprecated: use 'std::atomic<std::shared_ptr<T>>' instead [-Wdeprecated-declarations]
   21 |     auto msg = std::atomic_load(&message_);
      |                ~~~~~~~~~~~~~~~~^~~~~~~~~~~
/usr/include/c++/16.1.1/bits/shared_ptr_atomic.h:142:5: note: declared here
  142 |     atomic_load(const shared_ptr<_Tp>* __p)
      |     ^~~~~~~~~~~
~/v0.7.31-src/.work/mlx/mlx/error.h: In member function 'bool mlx::core::Error::store_if_valid(const mlx::core::Error*)':
~/v0.7.31-src/.work/mlx/mlx/error.h:28:37: warning: 'std::shared_ptr<_Tp> std::atomic_load(const shared_ptr<_Tp>*) [with _Tp = __cxx11::basic_string<char>]' is deprecated: use 'std::atomic<std::shared_ptr<T>>' instead [-Wdeprecated-declarations]
   28 |       Message msg = std::atomic_load(&ptr->message_);
      |                     ~~~~~~~~~~~~~~~~^~~~~~~~~~~~~~~~
/usr/include/c++/16.1.1/bits/shared_ptr_atomic.h:142:5: note: declared here
  142 |     atomic_load(const shared_ptr<_Tp>* __p)
      |     ^~~~~~~~~~~
~/v0.7.31-src/.work/mlx/mlx/error.h: In member function 'void mlx::core::Error::check()':
~/v0.7.31-src/.work/mlx/mlx/error.h:39:36: warning: 'std::shared_ptr<_Tp> std::atomic_exchange(shared_ptr<_Tp>*, shared_ptr<_Tp>) [with _Tp = __cxx11::basic_string<char>]' is deprecated: use 'std::atomic<std::shared_ptr<T>>' instead [-Wdeprecated-declarations]
   39 |     auto msg = std::atomic_exchange(&message_, {});
      |                ~~~~~~~~~~~~~~~~~~~~^~~~~~~~~~~~~~~
/usr/include/c++/16.1.1/bits/shared_ptr_atomic.h:225:5: note: declared here
  225 |     atomic_exchange(shared_ptr<_Tp>* __p, shared_ptr<_Tp> __r)
      |     ^~~~~~~~~~~~~~~
[ 96%] Building CXX object CMakeFiles/mlx.dir/mlx/distributed/primitives.cpp.o
In file included from ~/v0.7.31-src/.work/mlx/mlx/event.h:8,
                 from ~/v0.7.31-src/.work/mlx/mlx/array.h:14,
                 from ~/v0.7.31-src/.work/mlx/mlx/distributed/distributed.h:10,
                 from ~/v0.7.31-src/.work/mlx/mlx/distributed/ops.h:8,
                 from ~/v0.7.31-src/.work/mlx/mlx/distributed/primitives.cpp:6:
~/v0.7.31-src/.work/mlx/mlx/error.h: In member function 'void mlx::core::Error::set_message(Message)':
~/v0.7.31-src/.work/mlx/mlx/error.h:17:22: warning: 'void std::atomic_store(shared_ptr<_Tp>*, shared_ptr<_Tp>) [with _Tp = __cxx11::basic_string<char>]' is deprecated: use 'std::atomic<std::shared_ptr<T>>' instead [-Wdeprecated-declarations]
   17 |     std::atomic_store(&message_, std::move(msg));
      |     ~~~~~~~~~~~~~~~~~^~~~~~~~~~~~~~~~~~~~~~~~~~~
In file included from /usr/include/c++/16.1.1/memory:83,
                 from ~/v0.7.31-src/.work/mlx/mlx/distributed/distributed.h:7:
/usr/include/c++/16.1.1/bits/shared_ptr_atomic.h:183:5: note: declared here
  183 |     atomic_store(shared_ptr<_Tp>* __p, shared_ptr<_Tp> __r)
      |     ^~~~~~~~~~~~
~/v0.7.31-src/.work/mlx/mlx/error.h: In member function 'bool mlx::core::Error::valid() const':
~/v0.7.31-src/.work/mlx/mlx/error.h:21:32: warning: 'std::shared_ptr<_Tp> std::atomic_load(const shared_ptr<_Tp>*) [with _Tp = __cxx11::basic_string<char>]' is deprecated: use 'std::atomic<std::shared_ptr<T>>' instead [-Wdeprecated-declarations]
   21 |     auto msg = std::atomic_load(&message_);
      |                ~~~~~~~~~~~~~~~~^~~~~~~~~~~
/usr/include/c++/16.1.1/bits/shared_ptr_atomic.h:142:5: note: declared here
  142 |     atomic_load(const shared_ptr<_Tp>* __p)
      |     ^~~~~~~~~~~
~/v0.7.31-src/.work/mlx/mlx/error.h: In member function 'bool mlx::core::Error::store_if_valid(const mlx::core::Error*)':
~/v0.7.31-src/.work/mlx/mlx/error.h:28:37: warning: 'std::shared_ptr<_Tp> std::atomic_load(const shared_ptr<_Tp>*) [with _Tp = __cxx11::basic_string<char>]' is deprecated: use 'std::atomic<std::shared_ptr<T>>' instead [-Wdeprecated-declarations]
   28 |       Message msg = std::atomic_load(&ptr->message_);
      |                     ~~~~~~~~~~~~~~~~^~~~~~~~~~~~~~~~
/usr/include/c++/16.1.1/bits/shared_ptr_atomic.h:142:5: note: declared here
  142 |     atomic_load(const shared_ptr<_Tp>* __p)
      |     ^~~~~~~~~~~
~/v0.7.31-src/.work/mlx/mlx/error.h: In member function 'void mlx::core::Error::check()':
~/v0.7.31-src/.work/mlx/mlx/error.h:39:36: warning: 'std::shared_ptr<_Tp> std::atomic_exchange(shared_ptr<_Tp>*, shared_ptr<_Tp>) [with _Tp = __cxx11::basic_string<char>]' is deprecated: use 'std::atomic<std::shared_ptr<T>>' instead [-Wdeprecated-declarations]
   39 |     auto msg = std::atomic_exchange(&message_, {});
      |                ~~~~~~~~~~~~~~~~~~~~^~~~~~~~~~~~~~~
/usr/include/c++/16.1.1/bits/shared_ptr_atomic.h:225:5: note: declared here
  225 |     atomic_exchange(shared_ptr<_Tp>* __p, shared_ptr<_Tp> __r)
      |     ^~~~~~~~~~~~~~~
[ 96%] Building CXX object CMakeFiles/mlx.dir/mlx/distributed/ops.cpp.o
In file included from ~/v0.7.31-src/.work/mlx/mlx/event.h:8,
                 from ~/v0.7.31-src/.work/mlx/mlx/array.h:14,
                 from ~/v0.7.31-src/.work/mlx/mlx/distributed/distributed.h:10,
                 from ~/v0.7.31-src/.work/mlx/mlx/distributed/distributed_impl.h:5,
                 from ~/v0.7.31-src/.work/mlx/mlx/distributed/ops.cpp:7:
~/v0.7.31-src/.work/mlx/mlx/error.h: In member function 'void mlx::core::Error::set_message(Message)':
~/v0.7.31-src/.work/mlx/mlx/error.h:17:22: warning: 'void std::atomic_store(shared_ptr<_Tp>*, shared_ptr<_Tp>) [with _Tp = __cxx11::basic_string<char>]' is deprecated: use 'std::atomic<std::shared_ptr<T>>' instead [-Wdeprecated-declarations]
   17 |     std::atomic_store(&message_, std::move(msg));
      |     ~~~~~~~~~~~~~~~~~^~~~~~~~~~~~~~~~~~~~~~~~~~~
In file included from /usr/include/c++/16.1.1/memory:83,
                 from ~/v0.7.31-src/.work/mlx/mlx/distributed/distributed.h:7:
/usr/include/c++/16.1.1/bits/shared_ptr_atomic.h:183:5: note: declared here
  183 |     atomic_store(shared_ptr<_Tp>* __p, shared_ptr<_Tp> __r)
      |     ^~~~~~~~~~~~
~/v0.7.31-src/.work/mlx/mlx/error.h: In member function 'bool mlx::core::Error::valid() const':
~/v0.7.31-src/.work/mlx/mlx/error.h:21:32: warning: 'std::shared_ptr<_Tp> std::atomic_load(const shared_ptr<_Tp>*) [with _Tp = __cxx11::basic_string<char>]' is deprecated: use 'std::atomic<std::shared_ptr<T>>' instead [-Wdeprecated-declarations]
   21 |     auto msg = std::atomic_load(&message_);
      |                ~~~~~~~~~~~~~~~~^~~~~~~~~~~
/usr/include/c++/16.1.1/bits/shared_ptr_atomic.h:142:5: note: declared here
  142 |     atomic_load(const shared_ptr<_Tp>* __p)
      |     ^~~~~~~~~~~
~/v0.7.31-src/.work/mlx/mlx/error.h: In member function 'bool mlx::core::Error::store_if_valid(const mlx::core::Error*)':
~/v0.7.31-src/.work/mlx/mlx/error.h:28:37: warning: 'std::shared_ptr<_Tp> std::atomic_load(const shared_ptr<_Tp>*) [with _Tp = __cxx11::basic_string<char>]' is deprecated: use 'std::atomic<std::shared_ptr<T>>' instead [-Wdeprecated-declarations]
   28 |       Message msg = std::atomic_load(&ptr->message_);
      |                     ~~~~~~~~~~~~~~~~^~~~~~~~~~~~~~~~
/usr/include/c++/16.1.1/bits/shared_ptr_atomic.h:142:5: note: declared here
  142 |     atomic_load(const shared_ptr<_Tp>* __p)
      |     ^~~~~~~~~~~
~/v0.7.31-src/.work/mlx/mlx/error.h: In member function 'void mlx::core::Error::check()':
~/v0.7.31-src/.work/mlx/mlx/error.h:39:36: warning: 'std::shared_ptr<_Tp> std::atomic_exchange(shared_ptr<_Tp>*, shared_ptr<_Tp>) [with _Tp = __cxx11::basic_string<char>]' is deprecated: use 'std::atomic<std::shared_ptr<T>>' instead [-Wdeprecated-declarations]
   39 |     auto msg = std::atomic_exchange(&message_, {});
      |                ~~~~~~~~~~~~~~~~~~~~^~~~~~~~~~~~~~~
/usr/include/c++/16.1.1/bits/shared_ptr_atomic.h:225:5: note: declared here
  225 |     atomic_exchange(shared_ptr<_Tp>* __p, shared_ptr<_Tp> __r)
      |     ^~~~~~~~~~~~~~~
[ 96%] Building CXX object CMakeFiles/mlx.dir/mlx/distributed/distributed.cpp.o
In file included from ~/v0.7.31-src/.work/mlx/mlx/event.h:8,
                 from ~/v0.7.31-src/.work/mlx/mlx/array.h:14,
                 from ~/v0.7.31-src/.work/mlx/mlx/distributed/distributed.h:10,
                 from ~/v0.7.31-src/.work/mlx/mlx/distributed/distributed.cpp:6:
~/v0.7.31-src/.work/mlx/mlx/error.h: In member function 'void mlx::core::Error::set_message(Message)':
~/v0.7.31-src/.work/mlx/mlx/error.h:17:22: warning: 'void std::atomic_store(shared_ptr<_Tp>*, shared_ptr<_Tp>) [with _Tp = __cxx11::basic_string<char>]' is deprecated: use 'std::atomic<std::shared_ptr<T>>' instead [-Wdeprecated-declarations]
   17 |     std::atomic_store(&message_, std::move(msg));
      |     ~~~~~~~~~~~~~~~~~^~~~~~~~~~~~~~~~~~~~~~~~~~~
In file included from /usr/include/c++/16.1.1/memory:83,
                 from ~/v0.7.31-src/.work/mlx/mlx/distributed/distributed.h:7:
/usr/include/c++/16.1.1/bits/shared_ptr_atomic.h:183:5: note: declared here
  183 |     atomic_store(shared_ptr<_Tp>* __p, shared_ptr<_Tp> __r)
      |     ^~~~~~~~~~~~
~/v0.7.31-src/.work/mlx/mlx/error.h: In member function 'bool mlx::core::Error::valid() const':
~/v0.7.31-src/.work/mlx/mlx/error.h:21:32: warning: 'std::shared_ptr<_Tp> std::atomic_load(const shared_ptr<_Tp>*) [with _Tp = __cxx11::basic_string<char>]' is deprecated: use 'std::atomic<std::shared_ptr<T>>' instead [-Wdeprecated-declarations]
   21 |     auto msg = std::atomic_load(&message_);
      |                ~~~~~~~~~~~~~~~~^~~~~~~~~~~
/usr/include/c++/16.1.1/bits/shared_ptr_atomic.h:142:5: note: declared here
  142 |     atomic_load(const shared_ptr<_Tp>* __p)
      |     ^~~~~~~~~~~
~/v0.7.31-src/.work/mlx/mlx/error.h: In member function 'bool mlx::core::Error::store_if_valid(const mlx::core::Error*)':
~/v0.7.31-src/.work/mlx/mlx/error.h:28:37: warning: 'std::shared_ptr<_Tp> std::atomic_load(const shared_ptr<_Tp>*) [with _Tp = __cxx11::basic_string<char>]' is deprecated: use 'std::atomic<std::shared_ptr<T>>' instead [-Wdeprecated-declarations]
   28 |       Message msg = std::atomic_load(&ptr->message_);
      |                     ~~~~~~~~~~~~~~~~^~~~~~~~~~~~~~~~
/usr/include/c++/16.1.1/bits/shared_ptr_atomic.h:142:5: note: declared here
  142 |     atomic_load(const shared_ptr<_Tp>* __p)
      |     ^~~~~~~~~~~
~/v0.7.31-src/.work/mlx/mlx/error.h: In member function 'void mlx::core::Error::check()':
~/v0.7.31-src/.work/mlx/mlx/error.h:39:36: warning: 'std::shared_ptr<_Tp> std::atomic_exchange(shared_ptr<_Tp>*, shared_ptr<_Tp>) [with _Tp = __cxx11::basic_string<char>]' is deprecated: use 'std::atomic<std::shared_ptr<T>>' instead [-Wdeprecated-declarations]
   39 |     auto msg = std::atomic_exchange(&message_, {});
      |                ~~~~~~~~~~~~~~~~~~~~^~~~~~~~~~~~~~~
/usr/include/c++/16.1.1/bits/shared_ptr_atomic.h:225:5: note: declared here
  225 |     atomic_exchange(shared_ptr<_Tp>* __p, shared_ptr<_Tp> __r)
      |     ^~~~~~~~~~~~~~~
[ 96%] Building CXX object CMakeFiles/mlx.dir/mlx/distributed/utils.cpp.o
[ 96%] Building CXX object CMakeFiles/mlx.dir/mlx/distributed/mpi/mpi.cpp.o
In file included from ~/v0.7.31-src/.work/mlx/mlx/event.h:8,
                 from ~/v0.7.31-src/.work/mlx/mlx/array.h:14,
                 from ~/v0.7.31-src/.work/mlx/mlx/backend/cpu/encoder.h:7,
                 from ~/v0.7.31-src/.work/mlx/mlx/distributed/mpi/mpi.cpp:7:
~/v0.7.31-src/.work/mlx/mlx/error.h: In member function 'void mlx::core::Error::set_message(Message)':
~/v0.7.31-src/.work/mlx/mlx/error.h:17:22: warning: 'void std::atomic_store(shared_ptr<_Tp>*, shared_ptr<_Tp>) [with _Tp = __cxx11::basic_string<char>]' is deprecated: use 'std::atomic<std::shared_ptr<T>>' instead [-Wdeprecated-declarations]
   17 |     std::atomic_store(&message_, std::move(msg));
      |     ~~~~~~~~~~~~~~~~~^~~~~~~~~~~~~~~~~~~~~~~~~~~
In file included from /usr/include/c++/16.1.1/memory:83,
                 from ~/v0.7.31-src/.work/mlx/mlx/array.h:7:
/usr/include/c++/16.1.1/bits/shared_ptr_atomic.h:183:5: note: declared here
  183 |     atomic_store(shared_ptr<_Tp>* __p, shared_ptr<_Tp> __r)
      |     ^~~~~~~~~~~~
~/v0.7.31-src/.work/mlx/mlx/error.h: In member function 'bool mlx::core::Error::valid() const':
~/v0.7.31-src/.work/mlx/mlx/error.h:21:32: warning: 'std::shared_ptr<_Tp> std::atomic_load(const shared_ptr<_Tp>*) [with _Tp = __cxx11::basic_string<char>]' is deprecated: use 'std::atomic<std::shared_ptr<T>>' instead [-Wdeprecated-declarations]
   21 |     auto msg = std::atomic_load(&message_);
      |                ~~~~~~~~~~~~~~~~^~~~~~~~~~~
/usr/include/c++/16.1.1/bits/shared_ptr_atomic.h:142:5: note: declared here
  142 |     atomic_load(const shared_ptr<_Tp>* __p)
      |     ^~~~~~~~~~~
~/v0.7.31-src/.work/mlx/mlx/error.h: In member function 'bool mlx::core::Error::store_if_valid(const mlx::core::Error*)':
~/v0.7.31-src/.work/mlx/mlx/error.h:28:37: warning: 'std::shared_ptr<_Tp> std::atomic_load(const shared_ptr<_Tp>*) [with _Tp = __cxx11::basic_string<char>]' is deprecated: use 'std::atomic<std::shared_ptr<T>>' instead [-Wdeprecated-declarations]
   28 |       Message msg = std::atomic_load(&ptr->message_);
      |                     ~~~~~~~~~~~~~~~~^~~~~~~~~~~~~~~~
/usr/include/c++/16.1.1/bits/shared_ptr_atomic.h:142:5: note: declared here
  142 |     atomic_load(const shared_ptr<_Tp>* __p)
      |     ^~~~~~~~~~~
~/v0.7.31-src/.work/mlx/mlx/error.h: In member function 'void mlx::core::Error::check()':
~/v0.7.31-src/.work/mlx/mlx/error.h:39:36: warning: 'std::shared_ptr<_Tp> std::atomic_exchange(shared_ptr<_Tp>*, shared_ptr<_Tp>) [with _Tp = __cxx11::basic_string<char>]' is deprecated: use 'std::atomic<std::shared_ptr<T>>' instead [-Wdeprecated-declarations]
   39 |     auto msg = std::atomic_exchange(&message_, {});
      |                ~~~~~~~~~~~~~~~~~~~~^~~~~~~~~~~~~~~
/usr/include/c++/16.1.1/bits/shared_ptr_atomic.h:225:5: note: declared here
  225 |     atomic_exchange(shared_ptr<_Tp>* __p, shared_ptr<_Tp> __r)
      |     ^~~~~~~~~~~~~~~
[ 96%] Building CXX object CMakeFiles/mlx.dir/mlx/distributed/ring/ring.cpp.o
In file included from ~/v0.7.31-src/.work/mlx/mlx/event.h:8,
                 from ~/v0.7.31-src/.work/mlx/mlx/array.h:14,
                 from ~/v0.7.31-src/.work/mlx/mlx/backend/cpu/encoder.h:7,
                 from ~/v0.7.31-src/.work/mlx/mlx/distributed/ring/ring.cpp:21:
~/v0.7.31-src/.work/mlx/mlx/error.h: In member function 'void mlx::core::Error::set_message(Message)':
~/v0.7.31-src/.work/mlx/mlx/error.h:17:22: warning: 'void std::atomic_store(shared_ptr<_Tp>*, shared_ptr<_Tp>) [with _Tp = __cxx11::basic_string<char>]' is deprecated: use 'std::atomic<std::shared_ptr<T>>' instead [-Wdeprecated-declarations]
   17 |     std::atomic_store(&message_, std::move(msg));
      |     ~~~~~~~~~~~~~~~~~^~~~~~~~~~~~~~~~~~~~~~~~~~~
In file included from /usr/include/c++/16.1.1/memory:83,
                 from ~/v0.7.31-src/.work/mlx/_deps/json-src/single_include/nlohmann/json.hpp:29,
                 from ~/v0.7.31-src/.work/mlx/mlx/distributed/ring/ring.cpp:19:
/usr/include/c++/16.1.1/bits/shared_ptr_atomic.h:183:5: note: declared here
  183 |     atomic_store(shared_ptr<_Tp>* __p, shared_ptr<_Tp> __r)
      |     ^~~~~~~~~~~~
~/v0.7.31-src/.work/mlx/mlx/error.h: In member function 'bool mlx::core::Error::valid() const':
~/v0.7.31-src/.work/mlx/mlx/error.h:21:32: warning: 'std::shared_ptr<_Tp> std::atomic_load(const shared_ptr<_Tp>*) [with _Tp = __cxx11::basic_string<char>]' is deprecated: use 'std::atomic<std::shared_ptr<T>>' instead [-Wdeprecated-declarations]
   21 |     auto msg = std::atomic_load(&message_);
      |                ~~~~~~~~~~~~~~~~^~~~~~~~~~~
/usr/include/c++/16.1.1/bits/shared_ptr_atomic.h:142:5: note: declared here
  142 |     atomic_load(const shared_ptr<_Tp>* __p)
      |     ^~~~~~~~~~~
~/v0.7.31-src/.work/mlx/mlx/error.h: In member function 'bool mlx::core::Error::store_if_valid(const mlx::core::Error*)':
~/v0.7.31-src/.work/mlx/mlx/error.h:28:37: warning: 'std::shared_ptr<_Tp> std::atomic_load(const shared_ptr<_Tp>*) [with _Tp = __cxx11::basic_string<char>]' is deprecated: use 'std::atomic<std::shared_ptr<T>>' instead [-Wdeprecated-declarations]
   28 |       Message msg = std::atomic_load(&ptr->message_);
      |                     ~~~~~~~~~~~~~~~~^~~~~~~~~~~~~~~~
/usr/include/c++/16.1.1/bits/shared_ptr_atomic.h:142:5: note: declared here
  142 |     atomic_load(const shared_ptr<_Tp>* __p)
      |     ^~~~~~~~~~~
~/v0.7.31-src/.work/mlx/mlx/error.h: In member function 'void mlx::core::Error::check()':
~/v0.7.31-src/.work/mlx/mlx/error.h:39:36: warning: 'std::shared_ptr<_Tp> std::atomic_exchange(shared_ptr<_Tp>*, shared_ptr<_Tp>) [with _Tp = __cxx11::basic_string<char>]' is deprecated: use 'std::atomic<std::shared_ptr<T>>' instead [-Wdeprecated-declarations]
   39 |     auto msg = std::atomic_exchange(&message_, {});
      |                ~~~~~~~~~~~~~~~~~~~~^~~~~~~~~~~~~~~
/usr/include/c++/16.1.1/bits/shared_ptr_atomic.h:225:5: note: declared here
  225 |     atomic_exchange(shared_ptr<_Tp>* __p, shared_ptr<_Tp> __r)
      |     ^~~~~~~~~~~~~~~
[ 96%] Building CXX object CMakeFiles/mlx.dir/mlx/distributed/nccl/no_nccl.cpp.o
In file included from ~/v0.7.31-src/.work/mlx/mlx/event.h:8,
                 from ~/v0.7.31-src/.work/mlx/mlx/array.h:14,
                 from ~/v0.7.31-src/.work/mlx/mlx/distributed/distributed.h:10,
                 from ~/v0.7.31-src/.work/mlx/mlx/distributed/nccl/nccl.h:3,
                 from ~/v0.7.31-src/.work/mlx/mlx/distributed/nccl/no_nccl.cpp:3:
~/v0.7.31-src/.work/mlx/mlx/error.h: In member function 'void mlx::core::Error::set_message(Message)':
~/v0.7.31-src/.work/mlx/mlx/error.h:17:22: warning: 'void std::atomic_store(shared_ptr<_Tp>*, shared_ptr<_Tp>) [with _Tp = __cxx11::basic_string<char>]' is deprecated: use 'std::atomic<std::shared_ptr<T>>' instead [-Wdeprecated-declarations]
   17 |     std::atomic_store(&message_, std::move(msg));
      |     ~~~~~~~~~~~~~~~~~^~~~~~~~~~~~~~~~~~~~~~~~~~~
In file included from /usr/include/c++/16.1.1/memory:83,
                 from ~/v0.7.31-src/.work/mlx/mlx/distributed/distributed.h:7:
/usr/include/c++/16.1.1/bits/shared_ptr_atomic.h:183:5: note: declared here
  183 |     atomic_store(shared_ptr<_Tp>* __p, shared_ptr<_Tp> __r)
      |     ^~~~~~~~~~~~
~/v0.7.31-src/.work/mlx/mlx/error.h: In member function 'bool mlx::core::Error::valid() const':
~/v0.7.31-src/.work/mlx/mlx/error.h:21:32: warning: 'std::shared_ptr<_Tp> std::atomic_load(const shared_ptr<_Tp>*) [with _Tp = __cxx11::basic_string<char>]' is deprecated: use 'std::atomic<std::shared_ptr<T>>' instead [-Wdeprecated-declarations]
   21 |     auto msg = std::atomic_load(&message_);
      |                ~~~~~~~~~~~~~~~~^~~~~~~~~~~
/usr/include/c++/16.1.1/bits/shared_ptr_atomic.h:142:5: note: declared here
  142 |     atomic_load(const shared_ptr<_Tp>* __p)
      |     ^~~~~~~~~~~
~/v0.7.31-src/.work/mlx/mlx/error.h: In member function 'bool mlx::core::Error::store_if_valid(const mlx::core::Error*)':
~/v0.7.31-src/.work/mlx/mlx/error.h:28:37: warning: 'std::shared_ptr<_Tp> std::atomic_load(const shared_ptr<_Tp>*) [with _Tp = __cxx11::basic_string<char>]' is deprecated: use 'std::atomic<std::shared_ptr<T>>' instead [-Wdeprecated-declarations]
   28 |       Message msg = std::atomic_load(&ptr->message_);
      |                     ~~~~~~~~~~~~~~~~^~~~~~~~~~~~~~~~
/usr/include/c++/16.1.1/bits/shared_ptr_atomic.h:142:5: note: declared here
  142 |     atomic_load(const shared_ptr<_Tp>* __p)
      |     ^~~~~~~~~~~
~/v0.7.31-src/.work/mlx/mlx/error.h: In member function 'void mlx::core::Error::check()':
~/v0.7.31-src/.work/mlx/mlx/error.h:39:36: warning: 'std::shared_ptr<_Tp> std::atomic_exchange(shared_ptr<_Tp>*, shared_ptr<_Tp>) [with _Tp = __cxx11::basic_string<char>]' is deprecated: use 'std::atomic<std::shared_ptr<T>>' instead [-Wdeprecated-declarations]
   39 |     auto msg = std::atomic_exchange(&message_, {});
      |                ~~~~~~~~~~~~~~~~~~~~^~~~~~~~~~~~~~~
/usr/include/c++/16.1.1/bits/shared_ptr_atomic.h:225:5: note: declared here
  225 |     atomic_exchange(shared_ptr<_Tp>* __p, shared_ptr<_Tp> __r)
      |     ^~~~~~~~~~~~~~~
[ 96%] Building CXX object CMakeFiles/mlx.dir/mlx/distributed/jaccl/no_jaccl.cpp.o
In file included from ~/v0.7.31-src/.work/mlx/mlx/event.h:8,
                 from ~/v0.7.31-src/.work/mlx/mlx/array.h:14,
                 from ~/v0.7.31-src/.work/mlx/mlx/distributed/distributed.h:10,
                 from ~/v0.7.31-src/.work/mlx/mlx/distributed/jaccl/jaccl.h:7,
                 from ~/v0.7.31-src/.work/mlx/mlx/distributed/jaccl/no_jaccl.cpp:3:
~/v0.7.31-src/.work/mlx/mlx/error.h: In member function 'void mlx::core::Error::set_message(Message)':
~/v0.7.31-src/.work/mlx/mlx/error.h:17:22: warning: 'void std::atomic_store(shared_ptr<_Tp>*, shared_ptr<_Tp>) [with _Tp = __cxx11::basic_string<char>]' is deprecated: use 'std::atomic<std::shared_ptr<T>>' instead [-Wdeprecated-declarations]
   17 |     std::atomic_store(&message_, std::move(msg));
      |     ~~~~~~~~~~~~~~~~~^~~~~~~~~~~~~~~~~~~~~~~~~~~
In file included from /usr/include/c++/16.1.1/memory:83,
                 from ~/v0.7.31-src/.work/mlx/mlx/distributed/jaccl/jaccl.h:5:
/usr/include/c++/16.1.1/bits/shared_ptr_atomic.h:183:5: note: declared here
  183 |     atomic_store(shared_ptr<_Tp>* __p, shared_ptr<_Tp> __r)
      |     ^~~~~~~~~~~~
~/v0.7.31-src/.work/mlx/mlx/error.h: In member function 'bool mlx::core::Error::valid() const':
~/v0.7.31-src/.work/mlx/mlx/error.h:21:32: warning: 'std::shared_ptr<_Tp> std::atomic_load(const shared_ptr<_Tp>*) [with _Tp = __cxx11::basic_string<char>]' is deprecated: use 'std::atomic<std::shared_ptr<T>>' instead [-Wdeprecated-declarations]
   21 |     auto msg = std::atomic_load(&message_);
      |                ~~~~~~~~~~~~~~~~^~~~~~~~~~~
/usr/include/c++/16.1.1/bits/shared_ptr_atomic.h:142:5: note: declared here
  142 |     atomic_load(const shared_ptr<_Tp>* __p)
      |     ^~~~~~~~~~~
~/v0.7.31-src/.work/mlx/mlx/error.h: In member function 'bool mlx::core::Error::store_if_valid(const mlx::core::Error*)':
~/v0.7.31-src/.work/mlx/mlx/error.h:28:37: warning: 'std::shared_ptr<_Tp> std::atomic_load(const shared_ptr<_Tp>*) [with _Tp = __cxx11::basic_string<char>]' is deprecated: use 'std::atomic<std::shared_ptr<T>>' instead [-Wdeprecated-declarations]
   28 |       Message msg = std::atomic_load(&ptr->message_);
      |                     ~~~~~~~~~~~~~~~~^~~~~~~~~~~~~~~~
/usr/include/c++/16.1.1/bits/shared_ptr_atomic.h:142:5: note: declared here
  142 |     atomic_load(const shared_ptr<_Tp>* __p)
      |     ^~~~~~~~~~~
~/v0.7.31-src/.work/mlx/mlx/error.h: In member function 'void mlx::core::Error::check()':
~/v0.7.31-src/.work/mlx/mlx/error.h:39:36: warning: 'std::shared_ptr<_Tp> std::atomic_exchange(shared_ptr<_Tp>*, shared_ptr<_Tp>) [with _Tp = __cxx11::basic_string<char>]' is deprecated: use 'std::atomic<std::shared_ptr<T>>' instead [-Wdeprecated-declarations]
   39 |     auto msg = std::atomic_exchange(&message_, {});
      |                ~~~~~~~~~~~~~~~~~~~~^~~~~~~~~~~~~~~
/usr/include/c++/16.1.1/bits/shared_ptr_atomic.h:225:5: note: declared here
  225 |     atomic_exchange(shared_ptr<_Tp>* __p, shared_ptr<_Tp> __r)
      |     ^~~~~~~~~~~~~~~
[ 96%] Building CXX object CMakeFiles/mlx.dir/mlx/io/load.cpp.o
In file included from ~/v0.7.31-src/.work/mlx/mlx/event.h:8,
                 from ~/v0.7.31-src/.work/mlx/mlx/array.h:14,
                 from ~/v0.7.31-src/.work/mlx/mlx/io.h:9,
                 from ~/v0.7.31-src/.work/mlx/mlx/io/load.cpp:18:
~/v0.7.31-src/.work/mlx/mlx/error.h: In member function 'void mlx::core::Error::set_message(Message)':
~/v0.7.31-src/.work/mlx/mlx/error.h:17:22: warning: 'void std::atomic_store(shared_ptr<_Tp>*, shared_ptr<_Tp>) [with _Tp = __cxx11::basic_string<char>]' is deprecated: use 'std::atomic<std::shared_ptr<T>>' instead [-Wdeprecated-declarations]
   17 |     std::atomic_store(&message_, std::move(msg));
      |     ~~~~~~~~~~~~~~~~~^~~~~~~~~~~~~~~~~~~~~~~~~~~
In file included from /usr/include/c++/16.1.1/memory:83,
                 from ~/v0.7.31-src/.work/mlx/mlx/array.h:7:
/usr/include/c++/16.1.1/bits/shared_ptr_atomic.h:183:5: note: declared here
  183 |     atomic_store(shared_ptr<_Tp>* __p, shared_ptr<_Tp> __r)
      |     ^~~~~~~~~~~~
~/v0.7.31-src/.work/mlx/mlx/error.h: In member function 'bool mlx::core::Error::valid() const':
~/v0.7.31-src/.work/mlx/mlx/error.h:21:32: warning: 'std::shared_ptr<_Tp> std::atomic_load(const shared_ptr<_Tp>*) [with _Tp = __cxx11::basic_string<char>]' is deprecated: use 'std::atomic<std::shared_ptr<T>>' instead [-Wdeprecated-declarations]
   21 |     auto msg = std::atomic_load(&message_);
      |                ~~~~~~~~~~~~~~~~^~~~~~~~~~~
/usr/include/c++/16.1.1/bits/shared_ptr_atomic.h:142:5: note: declared here
  142 |     atomic_load(const shared_ptr<_Tp>* __p)
      |     ^~~~~~~~~~~
~/v0.7.31-src/.work/mlx/mlx/error.h: In member function 'bool mlx::core::Error::store_if_valid(const mlx::core::Error*)':
~/v0.7.31-src/.work/mlx/mlx/error.h:28:37: warning: 'std::shared_ptr<_Tp> std::atomic_load(const shared_ptr<_Tp>*) [with _Tp = __cxx11::basic_string<char>]' is deprecated: use 'std::atomic<std::shared_ptr<T>>' instead [-Wdeprecated-declarations]
   28 |       Message msg = std::atomic_load(&ptr->message_);
      |                     ~~~~~~~~~~~~~~~~^~~~~~~~~~~~~~~~
/usr/include/c++/16.1.1/bits/shared_ptr_atomic.h:142:5: note: declared here
  142 |     atomic_load(const shared_ptr<_Tp>* __p)
      |     ^~~~~~~~~~~
~/v0.7.31-src/.work/mlx/mlx/error.h: In member function 'void mlx::core::Error::check()':
~/v0.7.31-src/.work/mlx/mlx/error.h:39:36: warning: 'std::shared_ptr<_Tp> std::atomic_exchange(shared_ptr<_Tp>*, shared_ptr<_Tp>) [with _Tp = __cxx11::basic_string<char>]' is deprecated: use 'std::atomic<std::shared_ptr<T>>' instead [-Wdeprecated-declarations]
   39 |     auto msg = std::atomic_exchange(&message_, {});
      |                ~~~~~~~~~~~~~~~~~~~~^~~~~~~~~~~~~~~
/usr/include/c++/16.1.1/bits/shared_ptr_atomic.h:225:5: note: declared here
  225 |     atomic_exchange(shared_ptr<_Tp>* __p, shared_ptr<_Tp> __r)
      |     ^~~~~~~~~~~~~~~
[ 96%] Building CXX object CMakeFiles/mlx.dir/mlx/io/safetensors.cpp.o
In file included from ~/v0.7.31-src/.work/mlx/mlx/event.h:8,
                 from ~/v0.7.31-src/.work/mlx/mlx/array.h:14,
                 from ~/v0.7.31-src/.work/mlx/mlx/io.h:9,
                 from ~/v0.7.31-src/.work/mlx/mlx/io/safetensors.cpp:11:
~/v0.7.31-src/.work/mlx/mlx/error.h: In member function 'void mlx::core::Error::set_message(Message)':
~/v0.7.31-src/.work/mlx/mlx/error.h:17:22: warning: 'void std::atomic_store(shared_ptr<_Tp>*, shared_ptr<_Tp>) [with _Tp = __cxx11::basic_string<char>]' is deprecated: use 'std::atomic<std::shared_ptr<T>>' instead [-Wdeprecated-declarations]
   17 |     std::atomic_store(&message_, std::move(msg));
      |     ~~~~~~~~~~~~~~~~~^~~~~~~~~~~~~~~~~~~~~~~~~~~
In file included from /usr/include/c++/16.1.1/memory:83,
                 from ~/v0.7.31-src/.work/mlx/_deps/json-src/single_include/nlohmann/json.hpp:29,
                 from ~/v0.7.31-src/.work/mlx/mlx/io/safetensors.cpp:3:
/usr/include/c++/16.1.1/bits/shared_ptr_atomic.h:183:5: note: declared here
  183 |     atomic_store(shared_ptr<_Tp>* __p, shared_ptr<_Tp> __r)
      |     ^~~~~~~~~~~~
~/v0.7.31-src/.work/mlx/mlx/error.h: In member function 'bool mlx::core::Error::valid() const':
~/v0.7.31-src/.work/mlx/mlx/error.h:21:32: warning: 'std::shared_ptr<_Tp> std::atomic_load(const shared_ptr<_Tp>*) [with _Tp = __cxx11::basic_string<char>]' is deprecated: use 'std::atomic<std::shared_ptr<T>>' instead [-Wdeprecated-declarations]
   21 |     auto msg = std::atomic_load(&message_);
      |                ~~~~~~~~~~~~~~~~^~~~~~~~~~~
/usr/include/c++/16.1.1/bits/shared_ptr_atomic.h:142:5: note: declared here
  142 |     atomic_load(const shared_ptr<_Tp>* __p)
      |     ^~~~~~~~~~~
~/v0.7.31-src/.work/mlx/mlx/error.h: In member function 'bool mlx::core::Error::store_if_valid(const mlx::core::Error*)':
~/v0.7.31-src/.work/mlx/mlx/error.h:28:37: warning: 'std::shared_ptr<_Tp> std::atomic_load(const shared_ptr<_Tp>*) [with _Tp = __cxx11::basic_string<char>]' is deprecated: use 'std::atomic<std::shared_ptr<T>>' instead [-Wdeprecated-declarations]
   28 |       Message msg = std::atomic_load(&ptr->message_);
      |                     ~~~~~~~~~~~~~~~~^~~~~~~~~~~~~~~~
/usr/include/c++/16.1.1/bits/shared_ptr_atomic.h:142:5: note: declared here
  142 |     atomic_load(const shared_ptr<_Tp>* __p)
      |     ^~~~~~~~~~~
~/v0.7.31-src/.work/mlx/mlx/error.h: In member function 'void mlx::core::Error::check()':
~/v0.7.31-src/.work/mlx/mlx/error.h:39:36: warning: 'std::shared_ptr<_Tp> std::atomic_exchange(shared_ptr<_Tp>*, shared_ptr<_Tp>) [with _Tp = __cxx11::basic_string<char>]' is deprecated: use 'std::atomic<std::shared_ptr<T>>' instead [-Wdeprecated-declarations]
   39 |     auto msg = std::atomic_exchange(&message_, {});
      |                ~~~~~~~~~~~~~~~~~~~~^~~~~~~~~~~~~~~
/usr/include/c++/16.1.1/bits/shared_ptr_atomic.h:225:5: note: declared here
  225 |     atomic_exchange(shared_ptr<_Tp>* __p, shared_ptr<_Tp> __r)
      |     ^~~~~~~~~~~~~~~
[ 96%] Building CXX object CMakeFiles/mlx.dir/mlx/io/gguf.cpp.o
In file included from ~/v0.7.31-src/.work/mlx/mlx/event.h:8,
                 from ~/v0.7.31-src/.work/mlx/mlx/array.h:14,
                 from ~/v0.7.31-src/.work/mlx/mlx/io.h:9,
                 from ~/v0.7.31-src/.work/mlx/mlx/io/gguf.h:4,
                 from ~/v0.7.31-src/.work/mlx/mlx/io/gguf.cpp:9:
~/v0.7.31-src/.work/mlx/mlx/error.h: In member function 'void mlx::core::Error::set_message(Message)':
~/v0.7.31-src/.work/mlx/mlx/error.h:17:22: warning: 'void std::atomic_store(shared_ptr<_Tp>*, shared_ptr<_Tp>) [with _Tp = __cxx11::basic_string<char>]' is deprecated: use 'std::atomic<std::shared_ptr<T>>' instead [-Wdeprecated-declarations]
   17 |     std::atomic_store(&message_, std::move(msg));
      |     ~~~~~~~~~~~~~~~~~^~~~~~~~~~~~~~~~~~~~~~~~~~~
In file included from /usr/include/c++/16.1.1/memory:83,
                 from ~/v0.7.31-src/.work/mlx/mlx/array.h:7:
/usr/include/c++/16.1.1/bits/shared_ptr_atomic.h:183:5: note: declared here
  183 |     atomic_store(shared_ptr<_Tp>* __p, shared_ptr<_Tp> __r)
      |     ^~~~~~~~~~~~
~/v0.7.31-src/.work/mlx/mlx/error.h: In member function 'bool mlx::core::Error::valid() const':
~/v0.7.31-src/.work/mlx/mlx/error.h:21:32: warning: 'std::shared_ptr<_Tp> std::atomic_load(const shared_ptr<_Tp>*) [with _Tp = __cxx11::basic_string<char>]' is deprecated: use 'std::atomic<std::shared_ptr<T>>' instead [-Wdeprecated-declarations]
   21 |     auto msg = std::atomic_load(&message_);
      |                ~~~~~~~~~~~~~~~~^~~~~~~~~~~
/usr/include/c++/16.1.1/bits/shared_ptr_atomic.h:142:5: note: declared here
  142 |     atomic_load(const shared_ptr<_Tp>* __p)
      |     ^~~~~~~~~~~
~/v0.7.31-src/.work/mlx/mlx/error.h: In member function 'bool mlx::core::Error::store_if_valid(const mlx::core::Error*)':
~/v0.7.31-src/.work/mlx/mlx/error.h:28:37: warning: 'std::shared_ptr<_Tp> std::atomic_load(const shared_ptr<_Tp>*) [with _Tp = __cxx11::basic_string<char>]' is deprecated: use 'std::atomic<std::shared_ptr<T>>' instead [-Wdeprecated-declarations]
   28 |       Message msg = std::atomic_load(&ptr->message_);
      |                     ~~~~~~~~~~~~~~~~^~~~~~~~~~~~~~~~
/usr/include/c++/16.1.1/bits/shared_ptr_atomic.h:142:5: note: declared here
  142 |     atomic_load(const shared_ptr<_Tp>* __p)
      |     ^~~~~~~~~~~
~/v0.7.31-src/.work/mlx/mlx/error.h: In member function 'void mlx::core::Error::check()':
~/v0.7.31-src/.work/mlx/mlx/error.h:39:36: warning: 'std::shared_ptr<_Tp> std::atomic_exchange(shared_ptr<_Tp>*, shared_ptr<_Tp>) [with _Tp = __cxx11::basic_string<char>]' is deprecated: use 'std::atomic<std::shared_ptr<T>>' instead [-Wdeprecated-declarations]
   39 |     auto msg = std::atomic_exchange(&message_, {});
      |                ~~~~~~~~~~~~~~~~~~~~^~~~~~~~~~~~~~~
/usr/include/c++/16.1.1/bits/shared_ptr_atomic.h:225:5: note: declared here
  225 |     atomic_exchange(shared_ptr<_Tp>* __p, shared_ptr<_Tp> __r)
      |     ^~~~~~~~~~~~~~~
[ 96%] Building CXX object CMakeFiles/mlx.dir/mlx/io/gguf_quants.cpp.o
In file included from ~/v0.7.31-src/.work/mlx/mlx/event.h:8,
                 from ~/v0.7.31-src/.work/mlx/mlx/array.h:14,
                 from ~/v0.7.31-src/.work/mlx/mlx/io.h:9,
                 from ~/v0.7.31-src/.work/mlx/mlx/io/gguf.h:4,
                 from ~/v0.7.31-src/.work/mlx/mlx/io/gguf_quants.cpp:7:
~/v0.7.31-src/.work/mlx/mlx/error.h: In member function 'void mlx::core::Error::set_message(Message)':
~/v0.7.31-src/.work/mlx/mlx/error.h:17:22: warning: 'void std::atomic_store(shared_ptr<_Tp>*, shared_ptr<_Tp>) [with _Tp = __cxx11::basic_string<char>]' is deprecated: use 'std::atomic<std::shared_ptr<T>>' instead [-Wdeprecated-declarations]
   17 |     std::atomic_store(&message_, std::move(msg));
      |     ~~~~~~~~~~~~~~~~~^~~~~~~~~~~~~~~~~~~~~~~~~~~
In file included from /usr/include/c++/16.1.1/memory:83,
                 from ~/v0.7.31-src/.work/mlx/mlx/array.h:7:
/usr/include/c++/16.1.1/bits/shared_ptr_atomic.h:183:5: note: declared here
  183 |     atomic_store(shared_ptr<_Tp>* __p, shared_ptr<_Tp> __r)
      |     ^~~~~~~~~~~~
~/v0.7.31-src/.work/mlx/mlx/error.h: In member function 'bool mlx::core::Error::valid() const':
~/v0.7.31-src/.work/mlx/mlx/error.h:21:32: warning: 'std::shared_ptr<_Tp> std::atomic_load(const shared_ptr<_Tp>*) [with _Tp = __cxx11::basic_string<char>]' is deprecated: use 'std::atomic<std::shared_ptr<T>>' instead [-Wdeprecated-declarations]
   21 |     auto msg = std::atomic_load(&message_);
      |                ~~~~~~~~~~~~~~~~^~~~~~~~~~~
/usr/include/c++/16.1.1/bits/shared_ptr_atomic.h:142:5: note: declared here
  142 |     atomic_load(const shared_ptr<_Tp>* __p)
      |     ^~~~~~~~~~~
~/v0.7.31-src/.work/mlx/mlx/error.h: In member function 'bool mlx::core::Error::store_if_valid(const mlx::core::Error*)':
~/v0.7.31-src/.work/mlx/mlx/error.h:28:37: warning: 'std::shared_ptr<_Tp> std::atomic_load(const shared_ptr<_Tp>*) [with _Tp = __cxx11::basic_string<char>]' is deprecated: use 'std::atomic<std::shared_ptr<T>>' instead [-Wdeprecated-declarations]
   28 |       Message msg = std::atomic_load(&ptr->message_);
      |                     ~~~~~~~~~~~~~~~~^~~~~~~~~~~~~~~~
/usr/include/c++/16.1.1/bits/shared_ptr_atomic.h:142:5: note: declared here
  142 |     atomic_load(const shared_ptr<_Tp>* __p)
      |     ^~~~~~~~~~~
~/v0.7.31-src/.work/mlx/mlx/error.h: In member function 'void mlx::core::Error::check()':
~/v0.7.31-src/.work/mlx/mlx/error.h:39:36: warning: 'std::shared_ptr<_Tp> std::atomic_exchange(shared_ptr<_Tp>*, shared_ptr<_Tp>) [with _Tp = __cxx11::basic_string<char>]' is deprecated: use 'std::atomic<std::shared_ptr<T>>' instead [-Wdeprecated-declarations]
   39 |     auto msg = std::atomic_exchange(&message_, {});
      |                ~~~~~~~~~~~~~~~~~~~~^~~~~~~~~~~~~~~
/usr/include/c++/16.1.1/bits/shared_ptr_atomic.h:225:5: note: declared here
  225 |     atomic_exchange(shared_ptr<_Tp>* __p, shared_ptr<_Tp> __r)
      |     ^~~~~~~~~~~~~~~
[ 97%] Building CXX object CMakeFiles/mlx.dir/mlx/backend/metal/no_metal.cpp.o
[ 97%] Building CXX object CMakeFiles/mlx.dir/mlx/backend/cuda/no_cuda.cpp.o
In file included from ~/v0.7.31-src/.work/mlx/mlx/event.h:8,
                 from ~/v0.7.31-src/.work/mlx/mlx/array.h:14,
                 from ~/v0.7.31-src/.work/mlx/mlx/utils.h:14,
                 from ~/v0.7.31-src/.work/mlx/mlx/fast.h:10,
                 from ~/v0.7.31-src/.work/mlx/mlx/backend/cuda/no_cuda.cpp:4:
~/v0.7.31-src/.work/mlx/mlx/error.h: In member function 'void mlx::core::Error::set_message(Message)':
~/v0.7.31-src/.work/mlx/mlx/error.h:17:22: warning: 'void std::atomic_store(shared_ptr<_Tp>*, shared_ptr<_Tp>) [with _Tp = __cxx11::basic_string<char>]' is deprecated: use 'std::atomic<std::shared_ptr<T>>' instead [-Wdeprecated-declarations]
   17 |     std::atomic_store(&message_, std::move(msg));
      |     ~~~~~~~~~~~~~~~~~^~~~~~~~~~~~~~~~~~~~~~~~~~~
In file included from /usr/include/c++/16.1.1/memory:83,
                 from ~/v0.7.31-src/.work/mlx/mlx/array.h:7:
/usr/include/c++/16.1.1/bits/shared_ptr_atomic.h:183:5: note: declared here
  183 |     atomic_store(shared_ptr<_Tp>* __p, shared_ptr<_Tp> __r)
      |     ^~~~~~~~~~~~
~/v0.7.31-src/.work/mlx/mlx/error.h: In member function 'bool mlx::core::Error::valid() const':
~/v0.7.31-src/.work/mlx/mlx/error.h:21:32: warning: 'std::shared_ptr<_Tp> std::atomic_load(const shared_ptr<_Tp>*) [with _Tp = __cxx11::basic_string<char>]' is deprecated: use 'std::atomic<std::shared_ptr<T>>' instead [-Wdeprecated-declarations]
   21 |     auto msg = std::atomic_load(&message_);
      |                ~~~~~~~~~~~~~~~~^~~~~~~~~~~
/usr/include/c++/16.1.1/bits/shared_ptr_atomic.h:142:5: note: declared here
  142 |     atomic_load(const shared_ptr<_Tp>* __p)
      |     ^~~~~~~~~~~
~/v0.7.31-src/.work/mlx/mlx/error.h: In member function 'bool mlx::core::Error::store_if_valid(const mlx::core::Error*)':
~/v0.7.31-src/.work/mlx/mlx/error.h:28:37: warning: 'std::shared_ptr<_Tp> std::atomic_load(const shared_ptr<_Tp>*) [with _Tp = __cxx11::basic_string<char>]' is deprecated: use 'std::atomic<std::shared_ptr<T>>' instead [-Wdeprecated-declarations]
   28 |       Message msg = std::atomic_load(&ptr->message_);
      |                     ~~~~~~~~~~~~~~~~^~~~~~~~~~~~~~~~
/usr/include/c++/16.1.1/bits/shared_ptr_atomic.h:142:5: note: declared here
  142 |     atomic_load(const shared_ptr<_Tp>* __p)
      |     ^~~~~~~~~~~
~/v0.7.31-src/.work/mlx/mlx/error.h: In member function 'void mlx::core::Error::check()':
~/v0.7.31-src/.work/mlx/mlx/error.h:39:36: warning: 'std::shared_ptr<_Tp> std::atomic_exchange(shared_ptr<_Tp>*, shared_ptr<_Tp>) [with _Tp = __cxx11::basic_string<char>]' is deprecated: use 'std::atomic<std::shared_ptr<T>>' instead [-Wdeprecated-declarations]
   39 |     auto msg = std::atomic_exchange(&message_, {});
      |                ~~~~~~~~~~~~~~~~~~~~^~~~~~~~~~~~~~~
/usr/include/c++/16.1.1/bits/shared_ptr_atomic.h:225:5: note: declared here
  225 |     atomic_exchange(shared_ptr<_Tp>* __p, shared_ptr<_Tp> __r)
      |     ^~~~~~~~~~~~~~~
[ 97%] Building CXX object CMakeFiles/mlx.dir/mlx/backend/omarchy/allocator.cpp.o
In file included from ~/v0.7.31-src/.work/mlx/mlx/event.h:8,
                 from ~/v0.7.31-src/.work/mlx/mlx/array.h:14,
                 from ~/v0.7.31-src/.work/mlx/mlx/memory.h:9,
                 from ~/v0.7.31-src/.work/mlx/mlx/backend/omarchy/allocator.cpp:16:
~/v0.7.31-src/.work/mlx/mlx/error.h: In member function 'void mlx::core::Error::set_message(Message)':
~/v0.7.31-src/.work/mlx/mlx/error.h:17:22: warning: 'void std::atomic_store(shared_ptr<_Tp>*, shared_ptr<_Tp>) [with _Tp = __cxx11::basic_string<char>]' is deprecated: use 'std::atomic<std::shared_ptr<T>>' instead [-Wdeprecated-declarations]
   17 |     std::atomic_store(&message_, std::move(msg));
      |     ~~~~~~~~~~~~~~~~~^~~~~~~~~~~~~~~~~~~~~~~~~~~
In file included from /usr/include/c++/16.1.1/memory:83,
                 from ~/v0.7.31-src/.work/mlx/mlx/backend/omarchy/device.h:14,
                 from ~/v0.7.31-src/.work/mlx/mlx/backend/omarchy/allocator.cpp:14:
/usr/include/c++/16.1.1/bits/shared_ptr_atomic.h:183:5: note: declared here
  183 |     atomic_store(shared_ptr<_Tp>* __p, shared_ptr<_Tp> __r)
      |     ^~~~~~~~~~~~
~/v0.7.31-src/.work/mlx/mlx/error.h: In member function 'bool mlx::core::Error::valid() const':
~/v0.7.31-src/.work/mlx/mlx/error.h:21:32: warning: 'std::shared_ptr<_Tp> std::atomic_load(const shared_ptr<_Tp>*) [with _Tp = __cxx11::basic_string<char>]' is deprecated: use 'std::atomic<std::shared_ptr<T>>' instead [-Wdeprecated-declarations]
   21 |     auto msg = std::atomic_load(&message_);
      |                ~~~~~~~~~~~~~~~~^~~~~~~~~~~
/usr/include/c++/16.1.1/bits/shared_ptr_atomic.h:142:5: note: declared here
  142 |     atomic_load(const shared_ptr<_Tp>* __p)
      |     ^~~~~~~~~~~
~/v0.7.31-src/.work/mlx/mlx/error.h: In member function 'bool mlx::core::Error::store_if_valid(const mlx::core::Error*)':
~/v0.7.31-src/.work/mlx/mlx/error.h:28:37: warning: 'std::shared_ptr<_Tp> std::atomic_load(const shared_ptr<_Tp>*) [with _Tp = __cxx11::basic_string<char>]' is deprecated: use 'std::atomic<std::shared_ptr<T>>' instead [-Wdeprecated-declarations]
   28 |       Message msg = std::atomic_load(&ptr->message_);
      |                     ~~~~~~~~~~~~~~~~^~~~~~~~~~~~~~~~
/usr/include/c++/16.1.1/bits/shared_ptr_atomic.h:142:5: note: declared here
  142 |     atomic_load(const shared_ptr<_Tp>* __p)
      |     ^~~~~~~~~~~
~/v0.7.31-src/.work/mlx/mlx/error.h: In member function 'void mlx::core::Error::check()':
~/v0.7.31-src/.work/mlx/mlx/error.h:39:36: warning: 'std::shared_ptr<_Tp> std::atomic_exchange(shared_ptr<_Tp>*, shared_ptr<_Tp>) [with _Tp = __cxx11::basic_string<char>]' is deprecated: use 'std::atomic<std::shared_ptr<T>>' instead [-Wdeprecated-declarations]
   39 |     auto msg = std::atomic_exchange(&message_, {});
      |                ~~~~~~~~~~~~~~~~~~~~^~~~~~~~~~~~~~~
/usr/include/c++/16.1.1/bits/shared_ptr_atomic.h:225:5: note: declared here
  225 |     atomic_exchange(shared_ptr<_Tp>* __p, shared_ptr<_Tp> __r)
      |     ^~~~~~~~~~~~~~~
[ 97%] Building CXX object CMakeFiles/mlx.dir/mlx/backend/omarchy/compiled.cpp.o
In file included from ~/v0.7.31-src/.work/mlx/mlx/event.h:8,
                 from ~/v0.7.31-src/.work/mlx/mlx/array.h:14,
                 from ~/v0.7.31-src/.work/mlx/mlx/backend/omarchy/compiled.h:8,
                 from ~/v0.7.31-src/.work/mlx/mlx/backend/omarchy/compiled.cpp:4:
~/v0.7.31-src/.work/mlx/mlx/error.h: In member function 'void mlx::core::Error::set_message(Message)':
~/v0.7.31-src/.work/mlx/mlx/error.h:17:22: warning: 'void std::atomic_store(shared_ptr<_Tp>*, shared_ptr<_Tp>) [with _Tp = __cxx11::basic_string<char>]' is deprecated: use 'std::atomic<std::shared_ptr<T>>' instead [-Wdeprecated-declarations]
   17 |     std::atomic_store(&message_, std::move(msg));
      |     ~~~~~~~~~~~~~~~~~^~~~~~~~~~~~~~~~~~~~~~~~~~~
In file included from /usr/include/c++/16.1.1/memory:83,
                 from ~/v0.7.31-src/.work/mlx/mlx/array.h:7:
/usr/include/c++/16.1.1/bits/shared_ptr_atomic.h:183:5: note: declared here
  183 |     atomic_store(shared_ptr<_Tp>* __p, shared_ptr<_Tp> __r)
      |     ^~~~~~~~~~~~
~/v0.7.31-src/.work/mlx/mlx/error.h: In member function 'bool mlx::core::Error::valid() const':
~/v0.7.31-src/.work/mlx/mlx/error.h:21:32: warning: 'std::shared_ptr<_Tp> std::atomic_load(const shared_ptr<_Tp>*) [with _Tp = __cxx11::basic_string<char>]' is deprecated: use 'std::atomic<std::shared_ptr<T>>' instead [-Wdeprecated-declarations]
   21 |     auto msg = std::atomic_load(&message_);
      |                ~~~~~~~~~~~~~~~~^~~~~~~~~~~
/usr/include/c++/16.1.1/bits/shared_ptr_atomic.h:142:5: note: declared here
  142 |     atomic_load(const shared_ptr<_Tp>* __p)
      |     ^~~~~~~~~~~
~/v0.7.31-src/.work/mlx/mlx/error.h: In member function 'bool mlx::core::Error::store_if_valid(const mlx::core::Error*)':
~/v0.7.31-src/.work/mlx/mlx/error.h:28:37: warning: 'std::shared_ptr<_Tp> std::atomic_load(const shared_ptr<_Tp>*) [with _Tp = __cxx11::basic_string<char>]' is deprecated: use 'std::atomic<std::shared_ptr<T>>' instead [-Wdeprecated-declarations]
   28 |       Message msg = std::atomic_load(&ptr->message_);
      |                     ~~~~~~~~~~~~~~~~^~~~~~~~~~~~~~~~
/usr/include/c++/16.1.1/bits/shared_ptr_atomic.h:142:5: note: declared here
  142 |     atomic_load(const shared_ptr<_Tp>* __p)
      |     ^~~~~~~~~~~
~/v0.7.31-src/.work/mlx/mlx/error.h: In member function 'void mlx::core::Error::check()':
~/v0.7.31-src/.work/mlx/mlx/error.h:39:36: warning: 'std::shared_ptr<_Tp> std::atomic_exchange(shared_ptr<_Tp>*, shared_ptr<_Tp>) [with _Tp = __cxx11::basic_string<char>]' is deprecated: use 'std::atomic<std::shared_ptr<T>>' instead [-Wdeprecated-declarations]
   39 |     auto msg = std::atomic_exchange(&message_, {});
      |                ~~~~~~~~~~~~~~~~~~~~^~~~~~~~~~~~~~~
/usr/include/c++/16.1.1/bits/shared_ptr_atomic.h:225:5: note: declared here
  225 |     atomic_exchange(shared_ptr<_Tp>* __p, shared_ptr<_Tp> __r)
      |     ^~~~~~~~~~~~~~~
[ 97%] Building CXX object CMakeFiles/mlx.dir/mlx/backend/omarchy/compute.cpp.o
[ 97%] Building CXX object CMakeFiles/mlx.dir/mlx/backend/omarchy/custom_kernel.cpp.o
In file included from ~/v0.7.31-src/.work/mlx/mlx/event.h:8,
                 from ~/v0.7.31-src/.work/mlx/mlx/array.h:14,
                 from ~/v0.7.31-src/.work/mlx/mlx/primitives.h:8,
                 from ~/v0.7.31-src/.work/mlx/mlx/fast_primitives.h:7,
                 from ~/v0.7.31-src/.work/mlx/mlx/backend/omarchy/custom_kernel.cpp:4:
~/v0.7.31-src/.work/mlx/mlx/error.h: In member function 'void mlx::core::Error::set_message(Message)':
~/v0.7.31-src/.work/mlx/mlx/error.h:17:22: warning: 'void std::atomic_store(shared_ptr<_Tp>*, shared_ptr<_Tp>) [with _Tp = __cxx11::basic_string<char>]' is deprecated: use 'std::atomic<std::shared_ptr<T>>' instead [-Wdeprecated-declarations]
   17 |     std::atomic_store(&message_, std::move(msg));
      |     ~~~~~~~~~~~~~~~~~^~~~~~~~~~~~~~~~~~~~~~~~~~~
In file included from /usr/include/c++/16.1.1/memory:83,
                 from ~/v0.7.31-src/.work/mlx/mlx/array.h:7:
/usr/include/c++/16.1.1/bits/shared_ptr_atomic.h:183:5: note: declared here
  183 |     atomic_store(shared_ptr<_Tp>* __p, shared_ptr<_Tp> __r)
      |     ^~~~~~~~~~~~
~/v0.7.31-src/.work/mlx/mlx/error.h: In member function 'bool mlx::core::Error::valid() const':
~/v0.7.31-src/.work/mlx/mlx/error.h:21:32: warning: 'std::shared_ptr<_Tp> std::atomic_load(const shared_ptr<_Tp>*) [with _Tp = __cxx11::basic_string<char>]' is deprecated: use 'std::atomic<std::shared_ptr<T>>' instead [-Wdeprecated-declarations]
   21 |     auto msg = std::atomic_load(&message_);
      |                ~~~~~~~~~~~~~~~~^~~~~~~~~~~
/usr/include/c++/16.1.1/bits/shared_ptr_atomic.h:142:5: note: declared here
  142 |     atomic_load(const shared_ptr<_Tp>* __p)
      |     ^~~~~~~~~~~
~/v0.7.31-src/.work/mlx/mlx/error.h: In member function 'bool mlx::core::Error::store_if_valid(const mlx::core::Error*)':
~/v0.7.31-src/.work/mlx/mlx/error.h:28:37: warning: 'std::shared_ptr<_Tp> std::atomic_load(const shared_ptr<_Tp>*) [with _Tp = __cxx11::basic_string<char>]' is deprecated: use 'std::atomic<std::shared_ptr<T>>' instead [-Wdeprecated-declarations]
   28 |       Message msg = std::atomic_load(&ptr->message_);
      |                     ~~~~~~~~~~~~~~~~^~~~~~~~~~~~~~~~
/usr/include/c++/16.1.1/bits/shared_ptr_atomic.h:142:5: note: declared here
  142 |     atomic_load(const shared_ptr<_Tp>* __p)
      |     ^~~~~~~~~~~
~/v0.7.31-src/.work/mlx/mlx/error.h: In member function 'void mlx::core::Error::check()':
~/v0.7.31-src/.work/mlx/mlx/error.h:39:36: warning: 'std::shared_ptr<_Tp> std::atomic_exchange(shared_ptr<_Tp>*, shared_ptr<_Tp>) [with _Tp = __cxx11::basic_string<char>]' is deprecated: use 'std::atomic<std::shared_ptr<T>>' instead [-Wdeprecated-declarations]
   39 |     auto msg = std::atomic_exchange(&message_, {});
      |                ~~~~~~~~~~~~~~~~~~~~^~~~~~~~~~~~~~~
/usr/include/c++/16.1.1/bits/shared_ptr_atomic.h:225:5: note: declared here
  225 |     atomic_exchange(shared_ptr<_Tp>* __p, shared_ptr<_Tp> __r)
      |     ^~~~~~~~~~~~~~~
~/v0.7.31-src/.work/mlx/mlx/backend/omarchy/custom_kernel.cpp: In member function 'virtual void mlx::core::fast::CustomKernel::eval_gpu(const std::vector<mlx::core::array>&, std::vector<mlx::core::array>&)':
~/v0.7.31-src/.work/mlx/mlx/backend/omarchy/custom_kernel.cpp:2007:42: warning: narrowing conversion of '(& input)->mlx::core::array::ndim()' from 'size_t' {aka 'long unsigned int'} to 'int' [-Wnarrowing]
 2007 |           std::vector<int32_t>{input.ndim()}, int32, encoder);
      |                                ~~~~~~~~~~^~
~/v0.7.31-src/.work/mlx/mlx/backend/omarchy/custom_kernel.cpp:2007:42: warning: narrowing conversion of '(& input)->mlx::core::array::ndim()' from 'size_t' {aka 'long unsigned int'} to 'int' [-Wnarrowing]
[ 97%] Building CXX object CMakeFiles/mlx.dir/mlx/backend/omarchy/device.cpp.o
[ 97%] Building CXX object CMakeFiles/mlx.dir/mlx/backend/omarchy/capability_sim.cpp.o
[ 97%] Building CXX object CMakeFiles/mlx.dir/mlx/backend/omarchy/device_info.cpp.o
[ 97%] Building CXX object CMakeFiles/mlx.dir/mlx/backend/omarchy/encoder.cpp.o
In file included from ~/v0.7.31-src/.work/mlx/mlx/event.h:8,
                 from ~/v0.7.31-src/.work/mlx/mlx/array.h:14,
                 from ~/v0.7.31-src/.work/mlx/mlx/backend/omarchy/encoder.h:20,
                 from ~/v0.7.31-src/.work/mlx/mlx/backend/omarchy/encoder.cpp:4:
~/v0.7.31-src/.work/mlx/mlx/error.h: In member function 'void mlx::core::Error::set_message(Message)':
~/v0.7.31-src/.work/mlx/mlx/error.h:17:22: warning: 'void std::atomic_store(shared_ptr<_Tp>*, shared_ptr<_Tp>) [with _Tp = __cxx11::basic_string<char>]' is deprecated: use 'std::atomic<std::shared_ptr<T>>' instead [-Wdeprecated-declarations]
   17 |     std::atomic_store(&message_, std::move(msg));
      |     ~~~~~~~~~~~~~~~~~^~~~~~~~~~~~~~~~~~~~~~~~~~~
In file included from /usr/include/c++/16.1.1/memory:83,
                 from ~/v0.7.31-src/.work/mlx/mlx/backend/omarchy/encoder.h:13:
/usr/include/c++/16.1.1/bits/shared_ptr_atomic.h:183:5: note: declared here
  183 |     atomic_store(shared_ptr<_Tp>* __p, shared_ptr<_Tp> __r)
      |     ^~~~~~~~~~~~
~/v0.7.31-src/.work/mlx/mlx/error.h: In member function 'bool mlx::core::Error::valid() const':
~/v0.7.31-src/.work/mlx/mlx/error.h:21:32: warning: 'std::shared_ptr<_Tp> std::atomic_load(const shared_ptr<_Tp>*) [with _Tp = __cxx11::basic_string<char>]' is deprecated: use 'std::atomic<std::shared_ptr<T>>' instead [-Wdeprecated-declarations]
   21 |     auto msg = std::atomic_load(&message_);
      |                ~~~~~~~~~~~~~~~~^~~~~~~~~~~
/usr/include/c++/16.1.1/bits/shared_ptr_atomic.h:142:5: note: declared here
  142 |     atomic_load(const shared_ptr<_Tp>* __p)
      |     ^~~~~~~~~~~
~/v0.7.31-src/.work/mlx/mlx/error.h: In member function 'bool mlx::core::Error::store_if_valid(const mlx::core::Error*)':
~/v0.7.31-src/.work/mlx/mlx/error.h:28:37: warning: 'std::shared_ptr<_Tp> std::atomic_load(const shared_ptr<_Tp>*) [with _Tp = __cxx11::basic_string<char>]' is deprecated: use 'std::atomic<std::shared_ptr<T>>' instead [-Wdeprecated-declarations]
   28 |       Message msg = std::atomic_load(&ptr->message_);
      |                     ~~~~~~~~~~~~~~~~^~~~~~~~~~~~~~~~
/usr/include/c++/16.1.1/bits/shared_ptr_atomic.h:142:5: note: declared here
  142 |     atomic_load(const shared_ptr<_Tp>* __p)
      |     ^~~~~~~~~~~
~/v0.7.31-src/.work/mlx/mlx/error.h: In member function 'void mlx::core::Error::check()':
~/v0.7.31-src/.work/mlx/mlx/error.h:39:36: warning: 'std::shared_ptr<_Tp> std::atomic_exchange(shared_ptr<_Tp>*, shared_ptr<_Tp>) [with _Tp = __cxx11::basic_string<char>]' is deprecated: use 'std::atomic<std::shared_ptr<T>>' instead [-Wdeprecated-declarations]
   39 |     auto msg = std::atomic_exchange(&message_, {});
      |                ~~~~~~~~~~~~~~~~~~~~^~~~~~~~~~~~~~~
/usr/include/c++/16.1.1/bits/shared_ptr_atomic.h:225:5: note: declared here
  225 |     atomic_exchange(shared_ptr<_Tp>* __p, shared_ptr<_Tp> __r)
      |     ^~~~~~~~~~~~~~~
[ 97%] Building CXX object CMakeFiles/mlx.dir/mlx/backend/omarchy/eval.cpp.o
In file included from ~/v0.7.31-src/.work/mlx/mlx/event.h:8,
                 from ~/v0.7.31-src/.work/mlx/mlx/array.h:14,
                 from ~/v0.7.31-src/.work/mlx/mlx/backend/gpu/eval.h:8,
                 from ~/v0.7.31-src/.work/mlx/mlx/backend/omarchy/eval.cpp:8:
~/v0.7.31-src/.work/mlx/mlx/error.h: In member function 'void mlx::core::Error::set_message(Message)':
~/v0.7.31-src/.work/mlx/mlx/error.h:17:22: warning: 'void std::atomic_store(shared_ptr<_Tp>*, shared_ptr<_Tp>) [with _Tp = __cxx11::basic_string<char>]' is deprecated: use 'std::atomic<std::shared_ptr<T>>' instead [-Wdeprecated-declarations]
   17 |     std::atomic_store(&message_, std::move(msg));
      |     ~~~~~~~~~~~~~~~~~^~~~~~~~~~~~~~~~~~~~~~~~~~~
In file included from /usr/include/c++/16.1.1/memory:83,
                 from ~/v0.7.31-src/.work/mlx/mlx/backend/gpu/eval.h:6:
/usr/include/c++/16.1.1/bits/shared_ptr_atomic.h:183:5: note: declared here
  183 |     atomic_store(shared_ptr<_Tp>* __p, shared_ptr<_Tp> __r)
      |     ^~~~~~~~~~~~
~/v0.7.31-src/.work/mlx/mlx/error.h: In member function 'bool mlx::core::Error::valid() const':
~/v0.7.31-src/.work/mlx/mlx/error.h:21:32: warning: 'std::shared_ptr<_Tp> std::atomic_load(const shared_ptr<_Tp>*) [with _Tp = __cxx11::basic_string<char>]' is deprecated: use 'std::atomic<std::shared_ptr<T>>' instead [-Wdeprecated-declarations]
   21 |     auto msg = std::atomic_load(&message_);
      |                ~~~~~~~~~~~~~~~~^~~~~~~~~~~
/usr/include/c++/16.1.1/bits/shared_ptr_atomic.h:142:5: note: declared here
  142 |     atomic_load(const shared_ptr<_Tp>* __p)
      |     ^~~~~~~~~~~
~/v0.7.31-src/.work/mlx/mlx/error.h: In member function 'bool mlx::core::Error::store_if_valid(const mlx::core::Error*)':
~/v0.7.31-src/.work/mlx/mlx/error.h:28:37: warning: 'std::shared_ptr<_Tp> std::atomic_load(const shared_ptr<_Tp>*) [with _Tp = __cxx11::basic_string<char>]' is deprecated: use 'std::atomic<std::shared_ptr<T>>' instead [-Wdeprecated-declarations]
   28 |       Message msg = std::atomic_load(&ptr->message_);
      |                     ~~~~~~~~~~~~~~~~^~~~~~~~~~~~~~~~
/usr/include/c++/16.1.1/bits/shared_ptr_atomic.h:142:5: note: declared here
  142 |     atomic_load(const shared_ptr<_Tp>* __p)
      |     ^~~~~~~~~~~
~/v0.7.31-src/.work/mlx/mlx/error.h: In member function 'void mlx::core::Error::check()':
~/v0.7.31-src/.work/mlx/mlx/error.h:39:36: warning: 'std::shared_ptr<_Tp> std::atomic_exchange(shared_ptr<_Tp>*, shared_ptr<_Tp>) [with _Tp = __cxx11::basic_string<char>]' is deprecated: use 'std::atomic<std::shared_ptr<T>>' instead [-Wdeprecated-declarations]
   39 |     auto msg = std::atomic_exchange(&message_, {});
      |                ~~~~~~~~~~~~~~~~~~~~^~~~~~~~~~~~~~~
/usr/include/c++/16.1.1/bits/shared_ptr_atomic.h:225:5: note: declared here
  225 |     atomic_exchange(shared_ptr<_Tp>* __p, shared_ptr<_Tp> __r)
      |     ^~~~~~~~~~~~~~~
[ 97%] Building CXX object CMakeFiles/mlx.dir/mlx/backend/omarchy/event.cpp.o
In file included from ~/v0.7.31-src/.work/mlx/mlx/event.h:8,
                 from ~/v0.7.31-src/.work/mlx/mlx/backend/omarchy/event.cpp:10:
~/v0.7.31-src/.work/mlx/mlx/error.h: In member function 'void mlx::core::Error::set_message(Message)':
~/v0.7.31-src/.work/mlx/mlx/error.h:17:22: warning: 'void std::atomic_store(shared_ptr<_Tp>*, shared_ptr<_Tp>) [with _Tp = __cxx11::basic_string<char>]' is deprecated: use 'std::atomic<std::shared_ptr<T>>' instead [-Wdeprecated-declarations]
   17 |     std::atomic_store(&message_, std::move(msg));
      |     ~~~~~~~~~~~~~~~~~^~~~~~~~~~~~~~~~~~~~~~~~~~~
In file included from /usr/include/c++/16.1.1/memory:83,
                 from ~/v0.7.31-src/.work/mlx/mlx/event.h:5:
/usr/include/c++/16.1.1/bits/shared_ptr_atomic.h:183:5: note: declared here
  183 |     atomic_store(shared_ptr<_Tp>* __p, shared_ptr<_Tp> __r)
      |     ^~~~~~~~~~~~
~/v0.7.31-src/.work/mlx/mlx/error.h: In member function 'bool mlx::core::Error::valid() const':
~/v0.7.31-src/.work/mlx/mlx/error.h:21:32: warning: 'std::shared_ptr<_Tp> std::atomic_load(const shared_ptr<_Tp>*) [with _Tp = __cxx11::basic_string<char>]' is deprecated: use 'std::atomic<std::shared_ptr<T>>' instead [-Wdeprecated-declarations]
   21 |     auto msg = std::atomic_load(&message_);
      |                ~~~~~~~~~~~~~~~~^~~~~~~~~~~
/usr/include/c++/16.1.1/bits/shared_ptr_atomic.h:142:5: note: declared here
  142 |     atomic_load(const shared_ptr<_Tp>* __p)
      |     ^~~~~~~~~~~
~/v0.7.31-src/.work/mlx/mlx/error.h: In member function 'bool mlx::core::Error::store_if_valid(const mlx::core::Error*)':
~/v0.7.31-src/.work/mlx/mlx/error.h:28:37: warning: 'std::shared_ptr<_Tp> std::atomic_load(const shared_ptr<_Tp>*) [with _Tp = __cxx11::basic_string<char>]' is deprecated: use 'std::atomic<std::shared_ptr<T>>' instead [-Wdeprecated-declarations]
   28 |       Message msg = std::atomic_load(&ptr->message_);
      |                     ~~~~~~~~~~~~~~~~^~~~~~~~~~~~~~~~
/usr/include/c++/16.1.1/bits/shared_ptr_atomic.h:142:5: note: declared here
  142 |     atomic_load(const shared_ptr<_Tp>* __p)
      |     ^~~~~~~~~~~
~/v0.7.31-src/.work/mlx/mlx/error.h: In member function 'void mlx::core::Error::check()':
~/v0.7.31-src/.work/mlx/mlx/error.h:39:36: warning: 'std::shared_ptr<_Tp> std::atomic_exchange(shared_ptr<_Tp>*, shared_ptr<_Tp>) [with _Tp = __cxx11::basic_string<char>]' is deprecated: use 'std::atomic<std::shared_ptr<T>>' instead [-Wdeprecated-declarations]
   39 |     auto msg = std::atomic_exchange(&message_, {});
      |                ~~~~~~~~~~~~~~~~~~~~^~~~~~~~~~~~~~~
/usr/include/c++/16.1.1/bits/shared_ptr_atomic.h:225:5: note: declared here
  225 |     atomic_exchange(shared_ptr<_Tp>* __p, shared_ptr<_Tp> __r)
      |     ^~~~~~~~~~~~~~~
[ 97%] Building CXX object CMakeFiles/mlx.dir/mlx/backend/omarchy/fence.cpp.o
In file included from ~/v0.7.31-src/.work/mlx/mlx/event.h:8,
                 from ~/v0.7.31-src/.work/mlx/mlx/array.h:14,
                 from ~/v0.7.31-src/.work/mlx/mlx/fence.h:5,
                 from ~/v0.7.31-src/.work/mlx/mlx/backend/omarchy/fence.cpp:7:
~/v0.7.31-src/.work/mlx/mlx/error.h: In member function 'void mlx::core::Error::set_message(Message)':
~/v0.7.31-src/.work/mlx/mlx/error.h:17:22: warning: 'void std::atomic_store(shared_ptr<_Tp>*, shared_ptr<_Tp>) [with _Tp = __cxx11::basic_string<char>]' is deprecated: use 'std::atomic<std::shared_ptr<T>>' instead [-Wdeprecated-declarations]
   17 |     std::atomic_store(&message_, std::move(msg));
      |     ~~~~~~~~~~~~~~~~~^~~~~~~~~~~~~~~~~~~~~~~~~~~
In file included from /usr/include/c++/16.1.1/memory:83,
                 from ~/v0.7.31-src/.work/mlx/mlx/array.h:7:
/usr/include/c++/16.1.1/bits/shared_ptr_atomic.h:183:5: note: declared here
  183 |     atomic_store(shared_ptr<_Tp>* __p, shared_ptr<_Tp> __r)
      |     ^~~~~~~~~~~~
~/v0.7.31-src/.work/mlx/mlx/error.h: In member function 'bool mlx::core::Error::valid() const':
~/v0.7.31-src/.work/mlx/mlx/error.h:21:32: warning: 'std::shared_ptr<_Tp> std::atomic_load(const shared_ptr<_Tp>*) [with _Tp = __cxx11::basic_string<char>]' is deprecated: use 'std::atomic<std::shared_ptr<T>>' instead [-Wdeprecated-declarations]
   21 |     auto msg = std::atomic_load(&message_);
      |                ~~~~~~~~~~~~~~~~^~~~~~~~~~~
/usr/include/c++/16.1.1/bits/shared_ptr_atomic.h:142:5: note: declared here
  142 |     atomic_load(const shared_ptr<_Tp>* __p)
      |     ^~~~~~~~~~~
~/v0.7.31-src/.work/mlx/mlx/error.h: In member function 'bool mlx::core::Error::store_if_valid(const mlx::core::Error*)':
~/v0.7.31-src/.work/mlx/mlx/error.h:28:37: warning: 'std::shared_ptr<_Tp> std::atomic_load(const shared_ptr<_Tp>*) [with _Tp = __cxx11::basic_string<char>]' is deprecated: use 'std::atomic<std::shared_ptr<T>>' instead [-Wdeprecated-declarations]
   28 |       Message msg = std::atomic_load(&ptr->message_);
      |                     ~~~~~~~~~~~~~~~~^~~~~~~~~~~~~~~~
/usr/include/c++/16.1.1/bits/shared_ptr_atomic.h:142:5: note: declared here
  142 |     atomic_load(const shared_ptr<_Tp>* __p)
      |     ^~~~~~~~~~~
~/v0.7.31-src/.work/mlx/mlx/error.h: In member function 'void mlx::core::Error::check()':
~/v0.7.31-src/.work/mlx/mlx/error.h:39:36: warning: 'std::shared_ptr<_Tp> std::atomic_exchange(shared_ptr<_Tp>*, shared_ptr<_Tp>) [with _Tp = __cxx11::basic_string<char>]' is deprecated: use 'std::atomic<std::shared_ptr<T>>' instead [-Wdeprecated-declarations]
   39 |     auto msg = std::atomic_exchange(&message_, {});
      |                ~~~~~~~~~~~~~~~~~~~~^~~~~~~~~~~~~~~
/usr/include/c++/16.1.1/bits/shared_ptr_atomic.h:225:5: note: declared here
  225 |     atomic_exchange(shared_ptr<_Tp>* __p, shared_ptr<_Tp> __r)
      |     ^~~~~~~~~~~~~~~
[ 98%] Building CXX object CMakeFiles/mlx.dir/mlx/backend/omarchy/copy.cpp.o
In file included from ~/v0.7.31-src/.work/mlx/mlx/event.h:8,
                 from ~/v0.7.31-src/.work/mlx/mlx/array.h:14,
                 from ~/v0.7.31-src/.work/mlx/mlx/backend/omarchy/unsupported.h:10,
                 from ~/v0.7.31-src/.work/mlx/mlx/backend/omarchy/copy.cpp:9:
~/v0.7.31-src/.work/mlx/mlx/error.h: In member function 'void mlx::core::Error::set_message(Message)':
~/v0.7.31-src/.work/mlx/mlx/error.h:17:22: warning: 'void std::atomic_store(shared_ptr<_Tp>*, shared_ptr<_Tp>) [with _Tp = __cxx11::basic_string<char>]' is deprecated: use 'std::atomic<std::shared_ptr<T>>' instead [-Wdeprecated-declarations]
   17 |     std::atomic_store(&message_, std::move(msg));
      |     ~~~~~~~~~~~~~~~~~^~~~~~~~~~~~~~~~~~~~~~~~~~~
In file included from /usr/include/c++/16.1.1/memory:83,
                 from ~/v0.7.31-src/.work/mlx/mlx/array.h:7:
/usr/include/c++/16.1.1/bits/shared_ptr_atomic.h:183:5: note: declared here
  183 |     atomic_store(shared_ptr<_Tp>* __p, shared_ptr<_Tp> __r)
      |     ^~~~~~~~~~~~
~/v0.7.31-src/.work/mlx/mlx/error.h: In member function 'bool mlx::core::Error::valid() const':
~/v0.7.31-src/.work/mlx/mlx/error.h:21:32: warning: 'std::shared_ptr<_Tp> std::atomic_load(const shared_ptr<_Tp>*) [with _Tp = __cxx11::basic_string<char>]' is deprecated: use 'std::atomic<std::shared_ptr<T>>' instead [-Wdeprecated-declarations]
   21 |     auto msg = std::atomic_load(&message_);
      |                ~~~~~~~~~~~~~~~~^~~~~~~~~~~
/usr/include/c++/16.1.1/bits/shared_ptr_atomic.h:142:5: note: declared here
  142 |     atomic_load(const shared_ptr<_Tp>* __p)
      |     ^~~~~~~~~~~
~/v0.7.31-src/.work/mlx/mlx/error.h: In member function 'bool mlx::core::Error::store_if_valid(const mlx::core::Error*)':
~/v0.7.31-src/.work/mlx/mlx/error.h:28:37: warning: 'std::shared_ptr<_Tp> std::atomic_load(const shared_ptr<_Tp>*) [with _Tp = __cxx11::basic_string<char>]' is deprecated: use 'std::atomic<std::shared_ptr<T>>' instead [-Wdeprecated-declarations]
   28 |       Message msg = std::atomic_load(&ptr->message_);
      |                     ~~~~~~~~~~~~~~~~^~~~~~~~~~~~~~~~
/usr/include/c++/16.1.1/bits/shared_ptr_atomic.h:142:5: note: declared here
  142 |     atomic_load(const shared_ptr<_Tp>* __p)
      |     ^~~~~~~~~~~
~/v0.7.31-src/.work/mlx/mlx/error.h: In member function 'void mlx::core::Error::check()':
~/v0.7.31-src/.work/mlx/mlx/error.h:39:36: warning: 'std::shared_ptr<_Tp> std::atomic_exchange(shared_ptr<_Tp>*, shared_ptr<_Tp>) [with _Tp = __cxx11::basic_string<char>]' is deprecated: use 'std::atomic<std::shared_ptr<T>>' instead [-Wdeprecated-declarations]
   39 |     auto msg = std::atomic_exchange(&message_, {});
      |                ~~~~~~~~~~~~~~~~~~~~^~~~~~~~~~~~~~~
/usr/include/c++/16.1.1/bits/shared_ptr_atomic.h:225:5: note: declared here
  225 |     atomic_exchange(shared_ptr<_Tp>* __p, shared_ptr<_Tp> __r)
      |     ^~~~~~~~~~~~~~~
[ 98%] Building CXX object CMakeFiles/mlx.dir/mlx/backend/omarchy/cpu_pd_hold.cpp.o
[ 98%] Building CXX object CMakeFiles/mlx.dir/mlx/backend/omarchy/primitives.cpp.o
In file included from ~/v0.7.31-src/.work/mlx/mlx/event.h:8,
                 from ~/v0.7.31-src/.work/mlx/mlx/array.h:14,
                 from ~/v0.7.31-src/.work/mlx/mlx/backend/omarchy/unsupported.h:10,
                 from ~/v0.7.31-src/.work/mlx/mlx/backend/omarchy/primitives.cpp:6:
~/v0.7.31-src/.work/mlx/mlx/error.h: In member function 'void mlx::core::Error::set_message(Message)':
~/v0.7.31-src/.work/mlx/mlx/error.h:17:22: warning: 'void std::atomic_store(shared_ptr<_Tp>*, shared_ptr<_Tp>) [with _Tp = __cxx11::basic_string<char>]' is deprecated: use 'std::atomic<std::shared_ptr<T>>' instead [-Wdeprecated-declarations]
   17 |     std::atomic_store(&message_, std::move(msg));
      |     ~~~~~~~~~~~~~~~~~^~~~~~~~~~~~~~~~~~~~~~~~~~~
In file included from /usr/include/c++/16.1.1/memory:83,
                 from ~/v0.7.31-src/.work/mlx/mlx/array.h:7:
/usr/include/c++/16.1.1/bits/shared_ptr_atomic.h:183:5: note: declared here
  183 |     atomic_store(shared_ptr<_Tp>* __p, shared_ptr<_Tp> __r)
      |     ^~~~~~~~~~~~
~/v0.7.31-src/.work/mlx/mlx/error.h: In member function 'bool mlx::core::Error::valid() const':
~/v0.7.31-src/.work/mlx/mlx/error.h:21:32: warning: 'std::shared_ptr<_Tp> std::atomic_load(const shared_ptr<_Tp>*) [with _Tp = __cxx11::basic_string<char>]' is deprecated: use 'std::atomic<std::shared_ptr<T>>' instead [-Wdeprecated-declarations]
   21 |     auto msg = std::atomic_load(&message_);
      |                ~~~~~~~~~~~~~~~~^~~~~~~~~~~
/usr/include/c++/16.1.1/bits/shared_ptr_atomic.h:142:5: note: declared here
  142 |     atomic_load(const shared_ptr<_Tp>* __p)
      |     ^~~~~~~~~~~
~/v0.7.31-src/.work/mlx/mlx/error.h: In member function 'bool mlx::core::Error::store_if_valid(const mlx::core::Error*)':
~/v0.7.31-src/.work/mlx/mlx/error.h:28:37: warning: 'std::shared_ptr<_Tp> std::atomic_load(const shared_ptr<_Tp>*) [with _Tp = __cxx11::basic_string<char>]' is deprecated: use 'std::atomic<std::shared_ptr<T>>' instead [-Wdeprecated-declarations]
   28 |       Message msg = std::atomic_load(&ptr->message_);
      |                     ~~~~~~~~~~~~~~~~^~~~~~~~~~~~~~~~
/usr/include/c++/16.1.1/bits/shared_ptr_atomic.h:142:5: note: declared here
  142 |     atomic_load(const shared_ptr<_Tp>* __p)
      |     ^~~~~~~~~~~
~/v0.7.31-src/.work/mlx/mlx/error.h: In member function 'void mlx::core::Error::check()':
~/v0.7.31-src/.work/mlx/mlx/error.h:39:36: warning: 'std::shared_ptr<_Tp> std::atomic_exchange(shared_ptr<_Tp>*, shared_ptr<_Tp>) [with _Tp = __cxx11::basic_string<char>]' is deprecated: use 'std::atomic<std::shared_ptr<T>>' instead [-Wdeprecated-declarations]
   39 |     auto msg = std::atomic_exchange(&message_, {});
      |                ~~~~~~~~~~~~~~~~~~~~^~~~~~~~~~~~~~~
/usr/include/c++/16.1.1/bits/shared_ptr_atomic.h:225:5: note: declared here
  225 |     atomic_exchange(shared_ptr<_Tp>* __p, shared_ptr<_Tp> __r)
      |     ^~~~~~~~~~~~~~~
[ 98%] Building CXX object CMakeFiles/mlx.dir/mlx/backend/omarchy/slicing.cpp.o
In file included from ~/v0.7.31-src/.work/mlx/mlx/event.h:8,
                 from ~/v0.7.31-src/.work/mlx/mlx/array.h:14,
                 from ~/v0.7.31-src/.work/mlx/mlx/backend/omarchy/unsupported.h:10,
                 from ~/v0.7.31-src/.work/mlx/mlx/backend/omarchy/slicing.cpp:13:
~/v0.7.31-src/.work/mlx/mlx/error.h: In member function 'void mlx::core::Error::set_message(Message)':
~/v0.7.31-src/.work/mlx/mlx/error.h:17:22: warning: 'void std::atomic_store(shared_ptr<_Tp>*, shared_ptr<_Tp>) [with _Tp = __cxx11::basic_string<char>]' is deprecated: use 'std::atomic<std::shared_ptr<T>>' instead [-Wdeprecated-declarations]
   17 |     std::atomic_store(&message_, std::move(msg));
      |     ~~~~~~~~~~~~~~~~~^~~~~~~~~~~~~~~~~~~~~~~~~~~
In file included from /usr/include/c++/16.1.1/memory:83,
                 from ~/v0.7.31-src/.work/mlx/mlx/array.h:7:
/usr/include/c++/16.1.1/bits/shared_ptr_atomic.h:183:5: note: declared here
  183 |     atomic_store(shared_ptr<_Tp>* __p, shared_ptr<_Tp> __r)
      |     ^~~~~~~~~~~~
~/v0.7.31-src/.work/mlx/mlx/error.h: In member function 'bool mlx::core::Error::valid() const':
~/v0.7.31-src/.work/mlx/mlx/error.h:21:32: warning: 'std::shared_ptr<_Tp> std::atomic_load(const shared_ptr<_Tp>*) [with _Tp = __cxx11::basic_string<char>]' is deprecated: use 'std::atomic<std::shared_ptr<T>>' instead [-Wdeprecated-declarations]
   21 |     auto msg = std::atomic_load(&message_);
      |                ~~~~~~~~~~~~~~~~^~~~~~~~~~~
/usr/include/c++/16.1.1/bits/shared_ptr_atomic.h:142:5: note: declared here
  142 |     atomic_load(const shared_ptr<_Tp>* __p)
      |     ^~~~~~~~~~~
~/v0.7.31-src/.work/mlx/mlx/error.h: In member function 'bool mlx::core::Error::store_if_valid(const mlx::core::Error*)':
~/v0.7.31-src/.work/mlx/mlx/error.h:28:37: warning: 'std::shared_ptr<_Tp> std::atomic_load(const shared_ptr<_Tp>*) [with _Tp = __cxx11::basic_string<char>]' is deprecated: use 'std::atomic<std::shared_ptr<T>>' instead [-Wdeprecated-declarations]
   28 |       Message msg = std::atomic_load(&ptr->message_);
      |                     ~~~~~~~~~~~~~~~~^~~~~~~~~~~~~~~~
/usr/include/c++/16.1.1/bits/shared_ptr_atomic.h:142:5: note: declared here
  142 |     atomic_load(const shared_ptr<_Tp>* __p)
      |     ^~~~~~~~~~~
~/v0.7.31-src/.work/mlx/mlx/error.h: In member function 'void mlx::core::Error::check()':
~/v0.7.31-src/.work/mlx/mlx/error.h:39:36: warning: 'std::shared_ptr<_Tp> std::atomic_exchange(shared_ptr<_Tp>*, shared_ptr<_Tp>) [with _Tp = __cxx11::basic_string<char>]' is deprecated: use 'std::atomic<std::shared_ptr<T>>' instead [-Wdeprecated-declarations]
   39 |     auto msg = std::atomic_exchange(&message_, {});
      |                ~~~~~~~~~~~~~~~~~~~~^~~~~~~~~~~~~~~
/usr/include/c++/16.1.1/bits/shared_ptr_atomic.h:225:5: note: declared here
  225 |     atomic_exchange(shared_ptr<_Tp>* __p, shared_ptr<_Tp> __r)
      |     ^~~~~~~~~~~~~~~
[ 98%] Building CXX object CMakeFiles/mlx.dir/mlx/backend/omarchy/fused_chain.cpp.o
In file included from ~/v0.7.31-src/.work/mlx/mlx/event.h:8,
                 from ~/v0.7.31-src/.work/mlx/mlx/array.h:14,
                 from ~/v0.7.31-src/.work/mlx/mlx/backend/omarchy/fused_chain.h:13,
                 from ~/v0.7.31-src/.work/mlx/mlx/backend/omarchy/fused_chain.cpp:4:
~/v0.7.31-src/.work/mlx/mlx/error.h: In member function 'void mlx::core::Error::set_message(Message)':
~/v0.7.31-src/.work/mlx/mlx/error.h:17:22: warning: 'void std::atomic_store(shared_ptr<_Tp>*, shared_ptr<_Tp>) [with _Tp = __cxx11::basic_string<char>]' is deprecated: use 'std::atomic<std::shared_ptr<T>>' instead [-Wdeprecated-declarations]
   17 |     std::atomic_store(&message_, std::move(msg));
      |     ~~~~~~~~~~~~~~~~~^~~~~~~~~~~~~~~~~~~~~~~~~~~
In file included from /usr/include/c++/16.1.1/memory:83,
                 from ~/v0.7.31-src/.work/mlx/mlx/backend/omarchy/fused_chain.h:9:
/usr/include/c++/16.1.1/bits/shared_ptr_atomic.h:183:5: note: declared here
  183 |     atomic_store(shared_ptr<_Tp>* __p, shared_ptr<_Tp> __r)
      |     ^~~~~~~~~~~~
~/v0.7.31-src/.work/mlx/mlx/error.h: In member function 'bool mlx::core::Error::valid() const':
~/v0.7.31-src/.work/mlx/mlx/error.h:21:32: warning: 'std::shared_ptr<_Tp> std::atomic_load(const shared_ptr<_Tp>*) [with _Tp = __cxx11::basic_string<char>]' is deprecated: use 'std::atomic<std::shared_ptr<T>>' instead [-Wdeprecated-declarations]
   21 |     auto msg = std::atomic_load(&message_);
      |                ~~~~~~~~~~~~~~~~^~~~~~~~~~~
/usr/include/c++/16.1.1/bits/shared_ptr_atomic.h:142:5: note: declared here
  142 |     atomic_load(const shared_ptr<_Tp>* __p)
      |     ^~~~~~~~~~~
~/v0.7.31-src/.work/mlx/mlx/error.h: In member function 'bool mlx::core::Error::store_if_valid(const mlx::core::Error*)':
~/v0.7.31-src/.work/mlx/mlx/error.h:28:37: warning: 'std::shared_ptr<_Tp> std::atomic_load(const shared_ptr<_Tp>*) [with _Tp = __cxx11::basic_string<char>]' is deprecated: use 'std::atomic<std::shared_ptr<T>>' instead [-Wdeprecated-declarations]
   28 |       Message msg = std::atomic_load(&ptr->message_);
      |                     ~~~~~~~~~~~~~~~~^~~~~~~~~~~~~~~~
/usr/include/c++/16.1.1/bits/shared_ptr_atomic.h:142:5: note: declared here
  142 |     atomic_load(const shared_ptr<_Tp>* __p)
      |     ^~~~~~~~~~~
~/v0.7.31-src/.work/mlx/mlx/error.h: In member function 'void mlx::core::Error::check()':
~/v0.7.31-src/.work/mlx/mlx/error.h:39:36: warning: 'std::shared_ptr<_Tp> std::atomic_exchange(shared_ptr<_Tp>*, shared_ptr<_Tp>) [with _Tp = __cxx11::basic_string<char>]' is deprecated: use 'std::atomic<std::shared_ptr<T>>' instead [-Wdeprecated-declarations]
   39 |     auto msg = std::atomic_exchange(&message_, {});
      |                ~~~~~~~~~~~~~~~~~~~~^~~~~~~~~~~~~~~
/usr/include/c++/16.1.1/bits/shared_ptr_atomic.h:225:5: note: declared here
  225 |     atomic_exchange(shared_ptr<_Tp>* __p, shared_ptr<_Tp> __r)
      |     ^~~~~~~~~~~~~~~
[ 98%] Building CXX object CMakeFiles/mlx.dir/mlx/backend/omarchy/stream.cpp.o
In file included from ~/v0.7.31-src/.work/mlx/mlx/event.h:8,
                 from ~/v0.7.31-src/.work/mlx/mlx/array.h:14,
                 from ~/v0.7.31-src/.work/mlx/mlx/backend/gpu/eval.h:8,
                 from ~/v0.7.31-src/.work/mlx/mlx/backend/omarchy/stream.cpp:7:
~/v0.7.31-src/.work/mlx/mlx/error.h: In member function 'void mlx::core::Error::set_message(Message)':
~/v0.7.31-src/.work/mlx/mlx/error.h:17:22: warning: 'void std::atomic_store(shared_ptr<_Tp>*, shared_ptr<_Tp>) [with _Tp = __cxx11::basic_string<char>]' is deprecated: use 'std::atomic<std::shared_ptr<T>>' instead [-Wdeprecated-declarations]
   17 |     std::atomic_store(&message_, std::move(msg));
      |     ~~~~~~~~~~~~~~~~~^~~~~~~~~~~~~~~~~~~~~~~~~~~
In file included from /usr/include/c++/16.1.1/memory:83,
                 from ~/v0.7.31-src/.work/mlx/mlx/backend/gpu/eval.h:6:
/usr/include/c++/16.1.1/bits/shared_ptr_atomic.h:183:5: note: declared here
  183 |     atomic_store(shared_ptr<_Tp>* __p, shared_ptr<_Tp> __r)
      |     ^~~~~~~~~~~~
~/v0.7.31-src/.work/mlx/mlx/error.h: In member function 'bool mlx::core::Error::valid() const':
~/v0.7.31-src/.work/mlx/mlx/error.h:21:32: warning: 'std::shared_ptr<_Tp> std::atomic_load(const shared_ptr<_Tp>*) [with _Tp = __cxx11::basic_string<char>]' is deprecated: use 'std::atomic<std::shared_ptr<T>>' instead [-Wdeprecated-declarations]
   21 |     auto msg = std::atomic_load(&message_);
      |                ~~~~~~~~~~~~~~~~^~~~~~~~~~~
/usr/include/c++/16.1.1/bits/shared_ptr_atomic.h:142:5: note: declared here
  142 |     atomic_load(const shared_ptr<_Tp>* __p)
      |     ^~~~~~~~~~~
~/v0.7.31-src/.work/mlx/mlx/error.h: In member function 'bool mlx::core::Error::store_if_valid(const mlx::core::Error*)':
~/v0.7.31-src/.work/mlx/mlx/error.h:28:37: warning: 'std::shared_ptr<_Tp> std::atomic_load(const shared_ptr<_Tp>*) [with _Tp = __cxx11::basic_string<char>]' is deprecated: use 'std::atomic<std::shared_ptr<T>>' instead [-Wdeprecated-declarations]
   28 |       Message msg = std::atomic_load(&ptr->message_);
      |                     ~~~~~~~~~~~~~~~~^~~~~~~~~~~~~~~~
/usr/include/c++/16.1.1/bits/shared_ptr_atomic.h:142:5: note: declared here
  142 |     atomic_load(const shared_ptr<_Tp>* __p)
      |     ^~~~~~~~~~~
~/v0.7.31-src/.work/mlx/mlx/error.h: In member function 'void mlx::core::Error::check()':
~/v0.7.31-src/.work/mlx/mlx/error.h:39:36: warning: 'std::shared_ptr<_Tp> std::atomic_exchange(shared_ptr<_Tp>*, shared_ptr<_Tp>) [with _Tp = __cxx11::basic_string<char>]' is deprecated: use 'std::atomic<std::shared_ptr<T>>' instead [-Wdeprecated-declarations]
   39 |     auto msg = std::atomic_exchange(&message_, {});
      |                ~~~~~~~~~~~~~~~~~~~~^~~~~~~~~~~~~~~
/usr/include/c++/16.1.1/bits/shared_ptr_atomic.h:225:5: note: declared here
  225 |     atomic_exchange(shared_ptr<_Tp>* __p, shared_ptr<_Tp> __r)
      |     ^~~~~~~~~~~~~~~
[ 98%] Building CXX object CMakeFiles/mlx.dir/mlx/backend/omarchy/ane/manifest.cpp.o
[ 98%] Building CXX object CMakeFiles/mlx.dir/mlx/backend/omarchy/ane/bundle.cpp.o
[ 98%] Building CXX object CMakeFiles/mlx.dir/mlx/backend/omarchy/ane/worker.cpp.o
[ 98%] Building CXX object CMakeFiles/mlx.dir/mlx/backend/omarchy/ane/worker_libane.cpp.o
[ 98%] Building CXX object CMakeFiles/mlx.dir/mlx/backend/omarchy/vulkan.cpp.o
[ 98%] Building CXX object CMakeFiles/mlx.dir/mlx/backend/gpu/copy.cpp.o
In file included from ~/v0.7.31-src/.work/mlx/mlx/event.h:8,
                 from ~/v0.7.31-src/.work/mlx/mlx/array.h:14,
                 from ~/v0.7.31-src/.work/mlx/mlx/backend/common/utils.h:9,
                 from ~/v0.7.31-src/.work/mlx/mlx/backend/common/copy.h:5,
                 from ~/v0.7.31-src/.work/mlx/mlx/backend/gpu/copy.h:5,
                 from ~/v0.7.31-src/.work/mlx/mlx/backend/gpu/copy.cpp:3:
~/v0.7.31-src/.work/mlx/mlx/error.h: In member function 'void mlx::core::Error::set_message(Message)':
~/v0.7.31-src/.work/mlx/mlx/error.h:17:22: warning: 'void std::atomic_store(shared_ptr<_Tp>*, shared_ptr<_Tp>) [with _Tp = __cxx11::basic_string<char>]' is deprecated: use 'std::atomic<std::shared_ptr<T>>' instead [-Wdeprecated-declarations]
   17 |     std::atomic_store(&message_, std::move(msg));
      |     ~~~~~~~~~~~~~~~~~^~~~~~~~~~~~~~~~~~~~~~~~~~~
In file included from /usr/include/c++/16.1.1/memory:83,
                 from ~/v0.7.31-src/.work/mlx/mlx/array.h:7:
/usr/include/c++/16.1.1/bits/shared_ptr_atomic.h:183:5: note: declared here
  183 |     atomic_store(shared_ptr<_Tp>* __p, shared_ptr<_Tp> __r)
      |     ^~~~~~~~~~~~
~/v0.7.31-src/.work/mlx/mlx/error.h: In member function 'bool mlx::core::Error::valid() const':
~/v0.7.31-src/.work/mlx/mlx/error.h:21:32: warning: 'std::shared_ptr<_Tp> std::atomic_load(const shared_ptr<_Tp>*) [with _Tp = __cxx11::basic_string<char>]' is deprecated: use 'std::atomic<std::shared_ptr<T>>' instead [-Wdeprecated-declarations]
   21 |     auto msg = std::atomic_load(&message_);
      |                ~~~~~~~~~~~~~~~~^~~~~~~~~~~
/usr/include/c++/16.1.1/bits/shared_ptr_atomic.h:142:5: note: declared here
  142 |     atomic_load(const shared_ptr<_Tp>* __p)
      |     ^~~~~~~~~~~
~/v0.7.31-src/.work/mlx/mlx/error.h: In member function 'bool mlx::core::Error::store_if_valid(const mlx::core::Error*)':
~/v0.7.31-src/.work/mlx/mlx/error.h:28:37: warning: 'std::shared_ptr<_Tp> std::atomic_load(const shared_ptr<_Tp>*) [with _Tp = __cxx11::basic_string<char>]' is deprecated: use 'std::atomic<std::shared_ptr<T>>' instead [-Wdeprecated-declarations]
   28 |       Message msg = std::atomic_load(&ptr->message_);
      |                     ~~~~~~~~~~~~~~~~^~~~~~~~~~~~~~~~
/usr/include/c++/16.1.1/bits/shared_ptr_atomic.h:142:5: note: declared here
  142 |     atomic_load(const shared_ptr<_Tp>* __p)
      |     ^~~~~~~~~~~
~/v0.7.31-src/.work/mlx/mlx/error.h: In member function 'void mlx::core::Error::check()':
~/v0.7.31-src/.work/mlx/mlx/error.h:39:36: warning: 'std::shared_ptr<_Tp> std::atomic_exchange(shared_ptr<_Tp>*, shared_ptr<_Tp>) [with _Tp = __cxx11::basic_string<char>]' is deprecated: use 'std::atomic<std::shared_ptr<T>>' instead [-Wdeprecated-declarations]
   39 |     auto msg = std::atomic_exchange(&message_, {});
      |                ~~~~~~~~~~~~~~~~~~~~^~~~~~~~~~~~~~~
/usr/include/c++/16.1.1/bits/shared_ptr_atomic.h:225:5: note: declared here
  225 |     atomic_exchange(shared_ptr<_Tp>* __p, shared_ptr<_Tp> __r)
      |     ^~~~~~~~~~~~~~~
[ 98%] Building CXX object CMakeFiles/mlx.dir/mlx/backend/gpu/primitives.cpp.o
In file included from ~/v0.7.31-src/.work/mlx/mlx/event.h:8,
                 from ~/v0.7.31-src/.work/mlx/mlx/array.h:14,
                 from ~/v0.7.31-src/.work/mlx/mlx/primitives.h:8,
                 from ~/v0.7.31-src/.work/mlx/mlx/backend/gpu/primitives.cpp:3:
~/v0.7.31-src/.work/mlx/mlx/error.h: In member function 'void mlx::core::Error::set_message(Message)':
~/v0.7.31-src/.work/mlx/mlx/error.h:17:22: warning: 'void std::atomic_store(shared_ptr<_Tp>*, shared_ptr<_Tp>) [with _Tp = __cxx11::basic_string<char>]' is deprecated: use 'std::atomic<std::shared_ptr<T>>' instead [-Wdeprecated-declarations]
   17 |     std::atomic_store(&message_, std::move(msg));
      |     ~~~~~~~~~~~~~~~~~^~~~~~~~~~~~~~~~~~~~~~~~~~~
In file included from /usr/include/c++/16.1.1/memory:83,
                 from ~/v0.7.31-src/.work/mlx/mlx/array.h:7:
/usr/include/c++/16.1.1/bits/shared_ptr_atomic.h:183:5: note: declared here
  183 |     atomic_store(shared_ptr<_Tp>* __p, shared_ptr<_Tp> __r)
      |     ^~~~~~~~~~~~
~/v0.7.31-src/.work/mlx/mlx/error.h: In member function 'bool mlx::core::Error::valid() const':
~/v0.7.31-src/.work/mlx/mlx/error.h:21:32: warning: 'std::shared_ptr<_Tp> std::atomic_load(const shared_ptr<_Tp>*) [with _Tp = __cxx11::basic_string<char>]' is deprecated: use 'std::atomic<std::shared_ptr<T>>' instead [-Wdeprecated-declarations]
   21 |     auto msg = std::atomic_load(&message_);
      |                ~~~~~~~~~~~~~~~~^~~~~~~~~~~
/usr/include/c++/16.1.1/bits/shared_ptr_atomic.h:142:5: note: declared here
  142 |     atomic_load(const shared_ptr<_Tp>* __p)
      |     ^~~~~~~~~~~
~/v0.7.31-src/.work/mlx/mlx/error.h: In member function 'bool mlx::core::Error::store_if_valid(const mlx::core::Error*)':
~/v0.7.31-src/.work/mlx/mlx/error.h:28:37: warning: 'std::shared_ptr<_Tp> std::atomic_load(const shared_ptr<_Tp>*) [with _Tp = __cxx11::basic_string<char>]' is deprecated: use 'std::atomic<std::shared_ptr<T>>' instead [-Wdeprecated-declarations]
   28 |       Message msg = std::atomic_load(&ptr->message_);
      |                     ~~~~~~~~~~~~~~~~^~~~~~~~~~~~~~~~
/usr/include/c++/16.1.1/bits/shared_ptr_atomic.h:142:5: note: declared here
  142 |     atomic_load(const shared_ptr<_Tp>* __p)
      |     ^~~~~~~~~~~
~/v0.7.31-src/.work/mlx/mlx/error.h: In member function 'void mlx::core::Error::check()':
~/v0.7.31-src/.work/mlx/mlx/error.h:39:36: warning: 'std::shared_ptr<_Tp> std::atomic_exchange(shared_ptr<_Tp>*, shared_ptr<_Tp>) [with _Tp = __cxx11::basic_string<char>]' is deprecated: use 'std::atomic<std::shared_ptr<T>>' instead [-Wdeprecated-declarations]
   39 |     auto msg = std::atomic_exchange(&message_, {});
      |                ~~~~~~~~~~~~~~~~~~~~^~~~~~~~~~~~~~~
/usr/include/c++/16.1.1/bits/shared_ptr_atomic.h:225:5: note: declared here
  225 |     atomic_exchange(shared_ptr<_Tp>* __p, shared_ptr<_Tp> __r)
      |     ^~~~~~~~~~~~~~~
[ 98%] Building CXX object CMakeFiles/mlx.dir/mlx/backend/gpu/slicing.cpp.o
In file included from ~/v0.7.31-src/.work/mlx/mlx/event.h:8,
                 from ~/v0.7.31-src/.work/mlx/mlx/array.h:14,
                 from ~/v0.7.31-src/.work/mlx/mlx/backend/common/slicing.h:5,
                 from ~/v0.7.31-src/.work/mlx/mlx/backend/gpu/slicing.cpp:3:
~/v0.7.31-src/.work/mlx/mlx/error.h: In member function 'void mlx::core::Error::set_message(Message)':
~/v0.7.31-src/.work/mlx/mlx/error.h:17:22: warning: 'void std::atomic_store(shared_ptr<_Tp>*, shared_ptr<_Tp>) [with _Tp = __cxx11::basic_string<char>]' is deprecated: use 'std::atomic<std::shared_ptr<T>>' instead [-Wdeprecated-declarations]
   17 |     std::atomic_store(&message_, std::move(msg));
      |     ~~~~~~~~~~~~~~~~~^~~~~~~~~~~~~~~~~~~~~~~~~~~
In file included from /usr/include/c++/16.1.1/memory:83,
                 from ~/v0.7.31-src/.work/mlx/mlx/array.h:7:
/usr/include/c++/16.1.1/bits/shared_ptr_atomic.h:183:5: note: declared here
  183 |     atomic_store(shared_ptr<_Tp>* __p, shared_ptr<_Tp> __r)
      |     ^~~~~~~~~~~~
~/v0.7.31-src/.work/mlx/mlx/error.h: In member function 'bool mlx::core::Error::valid() const':
~/v0.7.31-src/.work/mlx/mlx/error.h:21:32: warning: 'std::shared_ptr<_Tp> std::atomic_load(const shared_ptr<_Tp>*) [with _Tp = __cxx11::basic_string<char>]' is deprecated: use 'std::atomic<std::shared_ptr<T>>' instead [-Wdeprecated-declarations]
   21 |     auto msg = std::atomic_load(&message_);
      |                ~~~~~~~~~~~~~~~~^~~~~~~~~~~
/usr/include/c++/16.1.1/bits/shared_ptr_atomic.h:142:5: note: declared here
  142 |     atomic_load(const shared_ptr<_Tp>* __p)
      |     ^~~~~~~~~~~
~/v0.7.31-src/.work/mlx/mlx/error.h: In member function 'bool mlx::core::Error::store_if_valid(const mlx::core::Error*)':
~/v0.7.31-src/.work/mlx/mlx/error.h:28:37: warning: 'std::shared_ptr<_Tp> std::atomic_load(const shared_ptr<_Tp>*) [with _Tp = __cxx11::basic_string<char>]' is deprecated: use 'std::atomic<std::shared_ptr<T>>' instead [-Wdeprecated-declarations]
   28 |       Message msg = std::atomic_load(&ptr->message_);
      |                     ~~~~~~~~~~~~~~~~^~~~~~~~~~~~~~~~
/usr/include/c++/16.1.1/bits/shared_ptr_atomic.h:142:5: note: declared here
  142 |     atomic_load(const shared_ptr<_Tp>* __p)
      |     ^~~~~~~~~~~
~/v0.7.31-src/.work/mlx/mlx/error.h: In member function 'void mlx::core::Error::check()':
~/v0.7.31-src/.work/mlx/mlx/error.h:39:36: warning: 'std::shared_ptr<_Tp> std::atomic_exchange(shared_ptr<_Tp>*, shared_ptr<_Tp>) [with _Tp = __cxx11::basic_string<char>]' is deprecated: use 'std::atomic<std::shared_ptr<T>>' instead [-Wdeprecated-declarations]
   39 |     auto msg = std::atomic_exchange(&message_, {});
      |                ~~~~~~~~~~~~~~~~~~~~^~~~~~~~~~~~~~~
/usr/include/c++/16.1.1/bits/shared_ptr_atomic.h:225:5: note: declared here
  225 |     atomic_exchange(shared_ptr<_Tp>* __p, shared_ptr<_Tp> __r)
      |     ^~~~~~~~~~~~~~~
[100%] Linking CXX static library libmlx.a
[100%] Built target mlx
[100%] Building CXX object tests/omarchy/CMakeFiles/omarchy_gdn_maskless_correctness_tests.dir/test_gdn_maskless_correctness.cpp.o
In file included from ~/v0.7.31-src/.work/mlx/mlx/event.h:8,
                 from ~/v0.7.31-src/.work/mlx/mlx/array.h:14,
                 from ~/v0.7.31-src/.work/mlx/mlx/backend/omarchy/encoder.h:20,
                 from ~/v0.7.31-src/.work/mlx/tests/omarchy/test_gdn_maskless_correctness.cpp:18:
~/v0.7.31-src/.work/mlx/mlx/error.h: In member function 'void mlx::core::Error::set_message(Message)':
~/v0.7.31-src/.work/mlx/mlx/error.h:17:22: warning: 'void std::atomic_store(shared_ptr<_Tp>*, shared_ptr<_Tp>) [with _Tp = __cxx11::basic_string<char>]' is deprecated: use 'std::atomic<std::shared_ptr<T>>' instead [-Wdeprecated-declarations]
   17 |     std::atomic_store(&message_, std::move(msg));
      |     ~~~~~~~~~~~~~~~~~^~~~~~~~~~~~~~~~~~~~~~~~~~~
In file included from /usr/include/c++/16.1.1/memory:83,
                 from ~/v0.7.31-src/.work/mlx/mlx/backend/omarchy/encoder.h:13:
/usr/include/c++/16.1.1/bits/shared_ptr_atomic.h:183:5: note: declared here
  183 |     atomic_store(shared_ptr<_Tp>* __p, shared_ptr<_Tp> __r)
      |     ^~~~~~~~~~~~
~/v0.7.31-src/.work/mlx/mlx/error.h: In member function 'bool mlx::core::Error::valid() const':
~/v0.7.31-src/.work/mlx/mlx/error.h:21:32: warning: 'std::shared_ptr<_Tp> std::atomic_load(const shared_ptr<_Tp>*) [with _Tp = __cxx11::basic_string<char>]' is deprecated: use 'std::atomic<std::shared_ptr<T>>' instead [-Wdeprecated-declarations]
   21 |     auto msg = std::atomic_load(&message_);
      |                ~~~~~~~~~~~~~~~~^~~~~~~~~~~
/usr/include/c++/16.1.1/bits/shared_ptr_atomic.h:142:5: note: declared here
  142 |     atomic_load(const shared_ptr<_Tp>* __p)
      |     ^~~~~~~~~~~
~/v0.7.31-src/.work/mlx/mlx/error.h: In member function 'bool mlx::core::Error::store_if_valid(const mlx::core::Error*)':
~/v0.7.31-src/.work/mlx/mlx/error.h:28:37: warning: 'std::shared_ptr<_Tp> std::atomic_load(const shared_ptr<_Tp>*) [with _Tp = __cxx11::basic_string<char>]' is deprecated: use 'std::atomic<std::shared_ptr<T>>' instead [-Wdeprecated-declarations]
   28 |       Message msg = std::atomic_load(&ptr->message_);
      |                     ~~~~~~~~~~~~~~~~^~~~~~~~~~~~~~~~
/usr/include/c++/16.1.1/bits/shared_ptr_atomic.h:142:5: note: declared here
  142 |     atomic_load(const shared_ptr<_Tp>* __p)
      |     ^~~~~~~~~~~
~/v0.7.31-src/.work/mlx/mlx/error.h: In member function 'void mlx::core::Error::check()':
~/v0.7.31-src/.work/mlx/mlx/error.h:39:36: warning: 'std::shared_ptr<_Tp> std::atomic_exchange(shared_ptr<_Tp>*, shared_ptr<_Tp>) [with _Tp = __cxx11::basic_string<char>]' is deprecated: use 'std::atomic<std::shared_ptr<T>>' instead [-Wdeprecated-declarations]
   39 |     auto msg = std::atomic_exchange(&message_, {});
      |                ~~~~~~~~~~~~~~~~~~~~^~~~~~~~~~~~~~~
/usr/include/c++/16.1.1/bits/shared_ptr_atomic.h:225:5: note: declared here
  225 |     atomic_exchange(shared_ptr<_Tp>* __p, shared_ptr<_Tp> __r)
      |     ^~~~~~~~~~~~~~~
[100%] Linking CXX executable omarchy_gdn_maskless_correctness_tests
[100%] Built target omarchy_gdn_maskless_correctness_tests
BUILD_EXIT 0
BIN ~/v0.7.31-src/.work/mlx/tests/omarchy/omarchy_gdn_maskless_correctness_tests
GATE13_BUILD_EXIT 0
BIN ~/v0.7.31-src/.work/mlx/tests/omarchy/omarchy_gdn_maskless_correctness_tests
loadavg_before=1.45 2.43 2.65 2/480 51905
[doctest] doctest version is "2.4.12"
[doctest] run with "--help" for options
===============================================================================
[doctest] test cases:   5 |   5 passed | 0 failed | 0 skipped
[doctest] assertions: 632 | 632 passed | 0 failed |
[doctest] Status: SUCCESS!
DOCTEST_EXIT 0
GATE13_EXIT 0
